Categoria;Tipo;Modelo;Servicio;Precio;Imagen;TipoServicio;ManoDeObra
iPhone;iPhone 17;iPhone 17 Pro Max;SWAP;977;17promax.png;Normal;
iPhone;iPhone 17;iPhone 17 Pro Max;Pantalla;511;17promax.png;Normal;
iPhone;iPhone 17;iPhone 17 Pro Max;Cristal trasero;191;17promax.png;Normal;
iPhone;iPhone 17;iPhone 17 Pro Max;Cristal trasero (Si se repara junto a pantalla);96;17promax.png;Normal;
iPhone;iPhone 17;iPhone 17 Pro Max;Carcasa;401;17promax.png;Normal;
iPhone;iPhone 17;iPhone 17 Pro Max;Placa Lógica;Consultar con el técnico;17promax.png;Normal;
iPhone;iPhone 17;iPhone 17 Pro Max;Batería;145;17promax.png;Normal;
iPhone;iPhone 17;iPhone 17 Pro Max;Cámara trasera;288;17promax.png;Normal;
iPhone;iPhone 17;iPhone 17 Pro Max;TrueDepth (Cámara frontal);218;17promax.png;Normal;
iPhone;iPhone 17;iPhone 17 Pro Max;Altavoz superior;138;17promax.png;Normal;
iPhone;iPhone 17;iPhone 17 Pro Max;Altavoz inferior;138;17promax.png;Normal;
iPhone;iPhone 17;iPhone 17 Pro Max;Micrófono;Consultar con el técnico;17promax.png;Normal;
iPhone;iPhone 17;iPhone 17 Pro Max;Taptic Engine (Vibrador);Consultar con el técnico;17promax.png;Normal;
iPhone;iPhone 17;iPhone 17 Pro Max;Bandeja SIM;15;17promax.png;Normal;
iPhone;iPhone 17;iPhone 17 Pro Max;Otros daños (SWAP);99;17promax.png;AppleCare;
iPhone;iPhone 17;iPhone 17 Pro Max;Pantalla;29;17promax.png;AppleCare;
iPhone;iPhone 17;iPhone 17 Pro Max;Cristal trasero;29;17promax.png;AppleCare;
iPhone;iPhone 17;iPhone 17 Pro Max;Batería;0;17promax.png;AppleCare;
iPhone;iPhone 17;iPhone 17 Pro;SWAP;921;17pro.png;Normal;
iPhone;iPhone 17;iPhone 17 Pro;Pantalla;427;17pro.png;Normal;
iPhone;iPhone 17;iPhone 17 Pro;Cristal trasero;191;17pro.png;Normal;
iPhone;iPhone 17;iPhone 17 Pro;Cristal trasero (Si se repara junto a pantalla);94;17pro.png;Normal;
iPhone;iPhone 17;iPhone 17 Pro;Carcasa;397;17pro.png;Normal;
iPhone;iPhone 17;iPhone 17 Pro;Placa Lógica;Consultar con el técnico;17pro.png;Normal;
iPhone;iPhone 17;iPhone 17 Pro;Batería;145;17pro.png;Normal;
iPhone;iPhone 17;iPhone 17 Pro;Cámara trasera;288;17pro.png;Normal;
iPhone;iPhone 17;iPhone 17 Pro;TrueDepth (Cámara frontal);138;17pro.png;Normal;
iPhone;iPhone 17;iPhone 17 Pro;Altavoz superior;138;17pro.png;Normal;
iPhone;iPhone 17;iPhone 17 Pro;Altavoz inferior;138;17pro.png;Normal;
iPhone;iPhone 17;iPhone 17 Pro;Micrófono;Consultar con el técnico;17pro.png;Normal;
iPhone;iPhone 17;iPhone 17 Pro;Taptic Engine (Vibrador);Consultar con el técnico;17pro.png;Normal;
iPhone;iPhone 17;iPhone 17 Pro;Bandeja SIM;15;17pro.png;Normal;
iPhone;iPhone 17;iPhone 17 Pro;Otros daños (SWAP);99;17pro.png;AppleCare;
iPhone;iPhone 17;iPhone 17 Pro;Pantalla;29;17pro.png;AppleCare;
iPhone;iPhone 17;iPhone 17 Pro;Cristal trasero;29;17pro.png;AppleCare;
iPhone;iPhone 17;iPhone 17 Pro;Batería;0;17pro.png;AppleCare;
iPhone;iPhone 17;iPhone 17;SWAP;751;17.png;Normal;
iPhone;iPhone 17;iPhone 17;Pantalla;427;17.png;Normal;
iPhone;iPhone 17;iPhone 17;Cristal trasero;191;17.png;Normal;
iPhone;iPhone 17;iPhone 17;Cristal trasero (Si se repara junto a pantalla);94;17.png;Normal;
iPhone;iPhone 17;iPhone 17;Carcasa;357;17.png;Normal;
iPhone;iPhone 17;iPhone 17;Placa Lógica;Consultar con el técnico;17.png;Normal;
iPhone;iPhone 17;iPhone 17;Batería;119;17.png;Normal;
iPhone;iPhone 17;iPhone 17;Cámara trasera;212;17.png;Normal;
iPhone;iPhone 17;iPhone 17;TrueDepth (cámara frontal);218;17.png;Normal;
iPhone;iPhone 17;iPhone 17;Altavoz superior;138;17.png;Normal;
iPhone;iPhone 17;iPhone 17;Altavoz inferior;138;17.png;Normal;
iPhone;iPhone 17;iPhone 17;Micrófono;Consultar con el técnico;17.png;Normal;
iPhone;iPhone 17;iPhone 17;Taptic Engine (Vibrador);Consultar con el técnico;17.png;Normal;
iPhone;iPhone 17;iPhone 17;Bandeja SIM;15;17.png;Normal;
iPhone;iPhone 17;iPhone 17;Otros daños (SWAP);99;17.png;AppleCare;
iPhone;iPhone 17;iPhone 17;Pantalla;29;17.png;AppleCare;
iPhone;iPhone 17;iPhone 17;Cristal trasero;29;17.png;AppleCare;
iPhone;iPhone 17;iPhone 17;Batería;0;17.png;AppleCare;
iPhone;iPhone 17;iPhone 17e;SWAP;541;17e.png;Normal;
iPhone;iPhone 17;iPhone 17e;Pantalla;291;17e.png;Normal;
iPhone;iPhone 17;iPhone 17e;Cristal trasero;191;17e.png;Normal;
iPhone;iPhone 17;iPhone 17e;Cristal trasero (Si se repara junto a pantalla);96;17e.png;Normal;
iPhone;iPhone 17;iPhone 17e;Batería;119;17e.png;Normal;
iPhone;iPhone 17;iPhone 17e;Cámara trasera;174;17e.png;Normal;
iPhone;iPhone 17;iPhone 17e;TrueDepth (Cámara frontal);218;17e.png;Normal;
iPhone;iPhone 17;iPhone 17e;Altavoz superior;138;17e.png;Normal;
iPhone;iPhone 17;iPhone 17e;Altavoz inferior;138;17e.png;Normal;
iPhone;iPhone 17;iPhone 17e;Micrófono;Consultar con el técnico;17e.png;Normal;
iPhone;iPhone 17;iPhone 17e;Taptic Engine (Vibrador);Consultar con el técnico;17e.png;Normal;
iPhone;iPhone 17;iPhone 17e;Bandeja SIM;15;17e.png;Normal;
iPhone;iPhone 17;iPhone 17e;Otros daños (SWAP);99;17e.png;AppleCare;
iPhone;iPhone 17;iPhone 17e;Pantalla;29;17e.png;AppleCare;
iPhone;iPhone 17;iPhone 17e;Cristal trasero;29;17e.png;AppleCare;
iPhone;iPhone 17;iPhone 17e;Batería;0;17e.png;AppleCare;
iPhone;iPhone Air;iPhone Air;SWAP;881;air.png;Normal;
iPhone;iPhone Air;iPhone Air;Pantalla;427;air.png;Normal;
iPhone;iPhone Air;iPhone Air;Cristal trasero;191;air.png;Normal;
iPhone;iPhone Air;iPhone Air;Cristal trasero (Si se repara junto a pantalla);94;air.png;Normal;
iPhone;iPhone Air;iPhone Air;Carcasa;397;air.png;Normal;
iPhone;iPhone Air;iPhone Air;Batería;145;air.png;Normal;
iPhone;iPhone Air;iPhone Air;Cámara trasera;212;air.png;Normal;
iPhone;iPhone Air;iPhone Air;TrueDepth (Cámara frontal);218;air.png;Normal;
iPhone;iPhone Air;iPhone Air;Altavoz superior;138;air.png;Normal;
iPhone;iPhone Air;iPhone Air;Altavoz inferior;138;air.png;Normal;
iPhone;iPhone Air;iPhone Air;Micrófono;Consultar con el técnico;air.png;Normal;
iPhone;iPhone Air;iPhone Air;Taptic Engine (Vibrador);Consultar con el técnico;air.png;Normal;
iPhone;iPhone Air;iPhone Air;Bandeja SIM;15;air.png;Normal;
iPhone;iPhone Air;iPhone Air;Otros daños (SWAP);99;air.png;AppleCare;
iPhone;iPhone Air;iPhone Air;Pantalla;29;air.png;AppleCare;
iPhone;iPhone Air;iPhone Air;Cristal trasero;29;air.png;AppleCare;
iPhone;iPhone Air;iPhone Air;Batería;0;air.png;AppleCare;
iPhone;iPhone 16;iPhone 16 Pro Max;SWAP;921;16promax.png;Normal;
iPhone;iPhone 16;iPhone 16 Pro Max;Pantalla;511;16promax.png;Normal;
iPhone;iPhone 16;iPhone 16 Pro Max;Cristal trasero;191;16promax.png;Normal;
iPhone;iPhone 16;iPhone 16 Pro Max;Cristal trasero (Si se repara junto a pantalla);94;16promax.png;Normal;
iPhone;iPhone 16;iPhone 16 Pro Max;Carcasa (Incluye placa lógica);649;16promax.png;Normal;
iPhone;iPhone 16;iPhone 16 Pro Max;Batería;145;16promax.png;Normal;
iPhone;iPhone 16;iPhone 16 Pro Max;Cámara trasera;288;16promax.png;Normal;
iPhone;iPhone 16;iPhone 16 Pro Max;TrueDepth (Cámara frontal);218;16promax.png;Normal;
iPhone;iPhone 16;iPhone 16 Pro Max;Altavoz superior;138;16promax.png;Normal;
iPhone;iPhone 16;iPhone 16 Pro Max;Altavoz inferior;138;16promax.png;Normal;
iPhone;iPhone 16;iPhone 16 Pro Max;Micrófono;Consultar con el técnico;16promax.png;Normal;
iPhone;iPhone 16;iPhone 16 Pro Max;Taptic Engine (Vibrador);Consultar con el técnico;16promax.png;Normal;
iPhone;iPhone 16;iPhone 16 Pro Max;Bandeja SIM;15;16promax.png;Normal;
iPhone;iPhone 16;iPhone 16 Pro Max;Otros daños (SWAP);99;16promax.png;AppleCare;
iPhone;iPhone 16;iPhone 16 Pro Max;Pantalla;29;16promax.png;AppleCare;
iPhone;iPhone 16;iPhone 16 Pro Max;Cristal trasero;29;16promax.png;AppleCare;
iPhone;iPhone 16;iPhone 16 Pro Max;Batería;0;16promax.png;AppleCare;
iPhone;iPhone 16;iPhone 16 Pro;SWAP;821;16pro.png;Normal;
iPhone;iPhone 16;iPhone 16 Pro;Pantalla;427;16pro.png;Normal;
iPhone;iPhone 16;iPhone 16 Pro;Cristal trasero;191;16pro.png;Normal;
iPhone;iPhone 16;iPhone 16 Pro;Cristal trasero (Si se repara junto a pantalla);94;16pro.png;Normal;
iPhone;iPhone 16;iPhone 16 Pro;Carcasa (Incluye placa lógica);581;16pro.png;Normal;
iPhone;iPhone 16;iPhone 16 Pro;Batería;145;16pro.png;Normal;
iPhone;iPhone 16;iPhone 16 Pro;Cámara trasera;288;16pro.png;Normal;
iPhone;iPhone 16;iPhone 16 Pro;TrueDepth (Cámara frontal);218;16pro.png;Normal;
iPhone;iPhone 16;iPhone 16 Pro;Altavoz superior;138;16pro.png;Normal;
iPhone;iPhone 16;iPhone 16 Pro;Altavoz inferior;138;16pro.png;Normal;
iPhone;iPhone 16;iPhone 16 Pro;Micrófono;Consultar con el técnico;16pro.png;Normal;
iPhone;iPhone 16;iPhone 16 Pro;Taptic Engine (Vibrador);Consultar con el técnico;16pro.png;Normal;
iPhone;iPhone 16;iPhone 16 Pro;Bandeja SIM;15;16pro.png;Normal;
iPhone;iPhone 16;iPhone 16 Pro;Otros daños (SWAP);99;16pro.png;AppleCare;
iPhone;iPhone 16;iPhone 16 Pro;Pantalla;29;16pro.png;AppleCare;
iPhone;iPhone 16;iPhone 16 Pro;Cristal trasero;29;16pro.png;AppleCare;
iPhone;iPhone 16;iPhone 16 Pro;Batería;0;16pro.png;AppleCare;
iPhone;iPhone 16;iPhone 16 Plus;SWAP;751;16plus.png;Normal;
iPhone;iPhone 16;iPhone 16 Plus;Pantalla;427;16plus.png;Normal;
iPhone;iPhone 16;iPhone 16 Plus;Cristal trasero;191;16plus.png;Normal;
iPhone;iPhone 16;iPhone 16 Plus;Cristal trasero (Si se repara junto a pantalla);96;16plus.png;Normal;
iPhone;iPhone 16;iPhone 16 Plus;Carcasa (Incluye placa lógica);518;16plus.png;Normal;
iPhone;iPhone 16;iPhone 16 Plus;Batería;119;16plus.png;Normal;
iPhone;iPhone 16;iPhone 16 Plus;Cámara trasera;212;16plus.png;Normal;
iPhone;iPhone 16;iPhone 16 Plus;TrueDepth (Cámara frontal);218;16plus.png;Normal;
iPhone;iPhone 16;iPhone 16 Plus;Altavoz superior;138;16plus.png;Normal;
iPhone;iPhone 16;iPhone 16 Plus;Altavoz inferior;138;16plus.png;Normal;
iPhone;iPhone 16;iPhone 16 Plus;Micrófono;Consultar con el técnico;16plus.png;Normal;
iPhone;iPhone 16;iPhone 16 Plus;Taptic Engine (Vibrador);Consultar con el técnico;16plus.png;Normal;
iPhone;iPhone 16;iPhone 16 Plus;Bandeja SIM;15;16plus.png;Normal;
iPhone;iPhone 16;iPhone 16 Plus;Otros daños (SWAP);99;16plus.png;AppleCare;
iPhone;iPhone 16;iPhone 16 Plus;Pantalla;29;16plus.png;AppleCare;
iPhone;iPhone 16;iPhone 16 Plus;Cristal trasero;29;16plus.png;AppleCare;
iPhone;iPhone 16;iPhone 16 Plus;Batería;0;16plus.png;AppleCare;
iPhone;iPhone 16;iPhone 16;SWAP;681;16.png;Normal;
iPhone;iPhone 16;iPhone 16;Pantalla;361;16.png;Normal;
iPhone;iPhone 16;iPhone 16;Cristal trasero;191;16.png;Normal;
iPhone;iPhone 16;iPhone 16;Cristal trasero (Si se repara junto a pantalla);96;16.png;Normal;
iPhone;iPhone 16;iPhone 16;Carcasa (Incluye placa lógica);452;16.png;Normal;
iPhone;iPhone 16;iPhone 16;Batería;119;16.png;Normal;
iPhone;iPhone 16;iPhone 16;Cámara trasera;212;16.png;Normal;
iPhone;iPhone 16;iPhone 16;TrueDepth (Cámara frontal);218;16.png;Normal;
iPhone;iPhone 16;iPhone 16;Altavoz superior;138;16.png;Normal;
iPhone;iPhone 16;iPhone 16;Altavoz inferior;138;16.png;Normal;
iPhone;iPhone 16;iPhone 16;Micrófono;Consultar con el técnico;16.png;Normal;
iPhone;iPhone 16;iPhone 16;Taptic Engine (Vibrador);Consultar con el técnico;16.png;Normal;
iPhone;iPhone 16;iPhone 16;Bandeja SIM;15;16.png;Normal;
iPhone;iPhone 16;iPhone 16;Otros daños (SWAP);99;16.png;AppleCare;
iPhone;iPhone 16;iPhone 16;Pantalla;29;16.png;AppleCare;
iPhone;iPhone 16;iPhone 16;Cristal trasero;29;16.png;AppleCare;
iPhone;iPhone 16;iPhone 16;Batería;0;16.png;AppleCare;
iPhone;iPhone 16;iPhone 16e;SWAP;541;16e.png;Normal;
iPhone;iPhone 16;iPhone 16e;Pantalla;291;16e.png;Normal;
iPhone;iPhone 16;iPhone 16e;Cristal trasero;191;16e.png;Normal;
iPhone;iPhone 16;iPhone 16e;Cristal trasero (Si se repara junto a pantalla);96;16e.png;Normal;
iPhone;iPhone 16;iPhone 16e;Carcasa (Incluye placa lógica);434;16e.png;Normal;
iPhone;iPhone 16;iPhone 16e;Batería;119;16e.png;Normal;
iPhone;iPhone 16;iPhone 16e;Cámara trasera;174;16e.png;Normal;
iPhone;iPhone 16;iPhone 16e;TrueDepth (Cámara frontal);218;16e.png;Normal;
iPhone;iPhone 16;iPhone 16e;Altavoz superior;138;16e.png;Normal;
iPhone;iPhone 16;iPhone 16e;Altavoz inferior;138;16e.png;Normal;
iPhone;iPhone 16;iPhone 16e;Micrófono;Consultar con el técnico;16e.png;Normal;
iPhone;iPhone 16;iPhone 16e;Taptic Engine (Vibrador);Consultar con el técnico;16e.png;Normal;
iPhone;iPhone 16;iPhone 16e;Bandeja SIM;15;16e.png;Normal;
iPhone;iPhone 16;iPhone 16e;Otros daños (SWAP);99;16e.png;AppleCare;
iPhone;iPhone 16;iPhone 16e;Pantalla;29;16e.png;AppleCare;
iPhone;iPhone 16;iPhone 16e;Cristal trasero;29;16e.png;AppleCare;
iPhone;iPhone 16;iPhone 16e;Batería;0;16e.png;AppleCare;
iPhone;iPhone 15;iPhone 15 Pro Max;SWAP;881;15promax.png;Normal;
iPhone;iPhone 15;iPhone 15 Pro Max;Pantalla;511;15promax.png;Normal;
iPhone;iPhone 15;iPhone 15 Pro Max;Cristal trasero;191;15promax.png;Normal;
iPhone;iPhone 15;iPhone 15 Pro Max;Cristal trasero (Si se repara junto a pantalla);96;15promax.png;Normal;
iPhone;iPhone 15;iPhone 15 Pro Max;Carcasa (Incluye placa lógica);683;15promax.png;Normal;
iPhone;iPhone 15;iPhone 15 Pro Max;Batería;119;15promax.png;Normal;
iPhone;iPhone 15;iPhone 15 Pro Max;Cámara trasera;288;15promax.png;Normal;
iPhone;iPhone 15;iPhone 15 Pro Max;TrueDepth (Cámara frontal);218;15promax.png;Normal;
iPhone;iPhone 15;iPhone 15 Pro Max;Altavoz superior;138;15promax.png;Normal;
iPhone;iPhone 15;iPhone 15 Pro Max;Altavoz inferior;138;15promax.png;Normal;
iPhone;iPhone 15;iPhone 15 Pro Max;Micrófono;Consultar con el técnico;15promax.png;Normal;
iPhone;iPhone 15;iPhone 15 Pro Max;Taptic Engine (Vibrador);Consultar con el técnico;15promax.png;Normal;
iPhone;iPhone 15;iPhone 15 Pro Max;Bandeja SIM;15;15promax.png;Normal;
iPhone;iPhone 15;iPhone 15 Pro Max;Otros daños (SWAP);99;15promax.png;AppleCare;
iPhone;iPhone 15;iPhone 15 Pro Max;Pantalla;29;15promax.png;AppleCare;
iPhone;iPhone 15;iPhone 15 Pro Max;Cristal trasero;29;15promax.png;AppleCare;
iPhone;iPhone 15;iPhone 15 Pro Max;Batería;0;15promax.png;AppleCare;
iPhone;iPhone 15;iPhone 15 Pro;SWAP;821;15pro.png;Normal;
iPhone;iPhone 15;iPhone 15 Pro;Pantalla;427;15pro.png;Normal;
iPhone;iPhone 15;iPhone 15 Pro;Cristal trasero;191;15pro.png;Normal;
iPhone;iPhone 15;iPhone 15 Pro;Cristal trasero (Si se repara junto a pantalla);94;15pro.png;Normal;
iPhone;iPhone 15;iPhone 15 Pro;Carcasa (Incluye placa lógica);610;15pro.png;Normal;
iPhone;iPhone 15;iPhone 15 Pro;Batería;119;15pro.png;Normal;
iPhone;iPhone 15;iPhone 15 Pro;Cámara trasera;257;15pro.png;Normal;
iPhone;iPhone 15;iPhone 15 Pro;TrueDepth (Cámara frontal);218;15pro.png;Normal;
iPhone;iPhone 15;iPhone 15 Pro;Altavoz superior;138;15pro.png;Normal;
iPhone;iPhone 15;iPhone 15 Pro;Altavoz inferior;138;15pro.png;Normal;
iPhone;iPhone 15;iPhone 15 Pro;Micrófono;Consultar con el técnico;15pro.png;Normal;
iPhone;iPhone 15;iPhone 15 Pro;Taptic Engine (Vibrador);Consultar con el técnico;15pro.png;Normal;
iPhone;iPhone 15;iPhone 15 Pro;Bandeja SIM;15;15pro.png;Normal;
iPhone;iPhone 15;iPhone 15 Pro;Otros daños (SWAP);99;15pro.png;AppleCare;
iPhone;iPhone 15;iPhone 15 Pro;Pantalla;29;15pro.png;AppleCare;
iPhone;iPhone 15;iPhone 15 Pro;Cristal trasero;29;15pro.png;AppleCare;
iPhone;iPhone 15;iPhone 15 Pro;Batería;0;15pro.png;AppleCare;
iPhone;iPhone 15;iPhone 15 Plus;SWAP de 128GB;733;15plus.png;Normal;
iPhone;iPhone 15;iPhone 15 Plus;SWAP de 256GB y 512GB;751;15plus.png;Normal;
iPhone;iPhone 15;iPhone 15 Plus;Pantalla;427;15plus.png;Normal;
iPhone;iPhone 15;iPhone 15 Plus;Cristal trasero;191;15plus.png;Normal;
iPhone;iPhone 15;iPhone 15 Plus;Cristal trasero (Si se repara junto a pantalla);94;15plus.png;Normal;
iPhone;iPhone 15;iPhone 15 Plus;Carcasa (Incluye placa lógica);547;15plus.png;Normal;
iPhone;iPhone 15;iPhone 15 Plus;Batería;119;15plus.png;Normal;
iPhone;iPhone 15;iPhone 15 Plus;Cámara trasera;212;15plus.png;Normal;
iPhone;iPhone 15;iPhone 15 Plus;TrueDepth (Cámara frontal);218;15plus.png;Normal;
iPhone;iPhone 15;iPhone 15 Plus;Altavoz superior;138;15plus.png;Normal;
iPhone;iPhone 15;iPhone 15 Plus;Altavoz inferior;138;15plus.png;Normal;
iPhone;iPhone 15;iPhone 15 Plus;Micrófono;Consultar con el técnico;15plus.png;Normal;
iPhone;iPhone 15;iPhone 15 Plus;Taptic Engine (Vibrador);Consultar con el técnico;15plus.png;Normal;
iPhone;iPhone 15;iPhone 15 Plus;Bandeja SIM;15;15plus.png;Normal;
iPhone;iPhone 15;iPhone 15 Plus;Otros daños (SWAP);99;15plus.png;AppleCare;
iPhone;iPhone 15;iPhone 15 Plus;Pantalla;29;15plus.png;AppleCare;
iPhone;iPhone 15;iPhone 15 Plus;Cristal trasero;29;15plus.png;AppleCare;
iPhone;iPhone 15;iPhone 15 Plus;Batería;0;15plus.png;AppleCare;
iPhone;iPhone 15;iPhone 15;SWAP de 128GB;621;15.png;Normal;
iPhone;iPhone 15;iPhone 15;SWAP de 256GB y 512GB;681;15.png;Normal;
iPhone;iPhone 15;iPhone 15;Pantalla;361;15.png;Normal;
iPhone;iPhone 15;iPhone 15;Cristal trasero;191;15.png;Normal;
iPhone;iPhone 15;iPhone 15;Cristal trasero (Si se repara junto a pantalla);96;15.png;Normal;
iPhone;iPhone 15;iPhone 15;Carcasa (Incluye placa lógica);476;15.png;Normal;
iPhone;iPhone 15;iPhone 15;Batería;119;15.png;Normal;
iPhone;iPhone 15;iPhone 15;Cámara trasera;212;15.png;Normal;
iPhone;iPhone 15;iPhone 15;TrueDepth (Cámara frontal);218;15.png;Normal;
iPhone;iPhone 15;iPhone 15;Altavoz superior;138;15.png;Normal;
iPhone;iPhone 15;iPhone 15;Altavoz inferior;138;15.png;Normal;
iPhone;iPhone 15;iPhone 15;Micrófono;Consultar con el técnico;15.png;Normal;
iPhone;iPhone 15;iPhone 15;Taptic Engine (Vibrador);Consultar con el técnico;15.png;Normal;
iPhone;iPhone 15;iPhone 15;Bandeja SIM;15;15.png;Normal;
iPhone;iPhone 15;iPhone 15;Otros daños (SWAP);99;15.png;AppleCare;
iPhone;iPhone 15;iPhone 15;Pantalla;29;15.png;AppleCare;
iPhone;iPhone 15;iPhone 15;Cristal trasero;29;15.png;AppleCare;
iPhone;iPhone 15;iPhone 15;Batería;0;15.png;AppleCare;
iPhone;iPhone 14;iPhone 14 Pro Max;SWAP;881;14promax.png;Normal;
iPhone;iPhone 14;iPhone 14 Pro Max;Pantalla;511;14promax.png;Normal;
iPhone;iPhone 14;iPhone 14 Pro Max;Carcasa (Incluye placa lógica y cristal trasero);702;14promax.png;Normal;
iPhone;iPhone 14;iPhone 14 Pro Max;Batería;119;14promax.png;Normal;
iPhone;iPhone 14;iPhone 14 Pro Max;Cámara trasera;257;14promax.png;Normal;
iPhone;iPhone 14;iPhone 14 Pro Max;TrueDepth (Cámara frontal);218;14promax.png;Normal;
iPhone;iPhone 14;iPhone 14 Pro Max;Altavoz superior;138;14promax.png;Normal;
iPhone;iPhone 14;iPhone 14 Pro Max;Altavoz inferior;138;14promax.png;Normal;
iPhone;iPhone 14;iPhone 14 Pro Max;Taptic Engine (Vibrador);Consultar con el técnico;14promax.png;Normal;
iPhone;iPhone 14;iPhone 14 Pro Max;Bandeja SIM;15;14promax.png;Normal;
iPhone;iPhone 14;iPhone 14 Pro Max;Otros daños (SWAP);99;14promax.png;AppleCare;
iPhone;iPhone 14;iPhone 14 Pro Max;Pantalla;29;14promax.png;AppleCare;
iPhone;iPhone 14;iPhone 14 Pro Max;Cristal trasero;29;14promax.png;AppleCare;
iPhone;iPhone 14;iPhone 14 Pro Max;Batería;0;14promax.png;AppleCare;
iPhone;iPhone 14;iPhone 14 Pro;SWAP;821;14pro.png;Normal;
iPhone;iPhone 14;iPhone 14 Pro;Pantalla;427;14pro.png;Normal;
iPhone;iPhone 14;iPhone 14 Pro;Carcasa (Incluye placa lógica y cristal trasero);626;14pro.png;Normal;
iPhone;iPhone 14;iPhone 14 Pro;Batería;119;14pro.png;Normal;
iPhone;iPhone 14;iPhone 14 Pro;Cámara trasera;257;14pro.png;Normal;
iPhone;iPhone 14;iPhone 14 Pro;TrueDepth (Cámara frontal);218;14pro.png;Normal;
iPhone;iPhone 14;iPhone 14 Pro;Altavoz superior;138;14pro.png;Normal;
iPhone;iPhone 14;iPhone 14 Pro;Altavoz inferior;138;14pro.png;Normal;
iPhone;iPhone 14;iPhone 14 Pro;Taptic Engine (Vibrador);Consultar con el técnico;14pro.png;Normal;
iPhone;iPhone 14;iPhone 14 Pro;Bandeja SIM;15;14pro.png;Normal;
iPhone;iPhone 14;iPhone 14 Pro;Otros daños (SWAP);99;14pro.png;AppleCare;
iPhone;iPhone 14;iPhone 14 Pro;Pantalla;29;14pro.png;AppleCare;
iPhone;iPhone 14;iPhone 14 Pro;Cristal trasero;29;14pro.png;AppleCare;
iPhone;iPhone 14;iPhone 14 Pro;Batería;0;14pro.png;AppleCare;
iPhone;iPhone 14;iPhone 14 Plus;SWAP de 128GB;745;14plus.png;Normal;
iPhone;iPhone 14;iPhone 14 Plus;SWAP de 256GB y 512GB;751;14plus.png;Normal;
iPhone;iPhone 14;iPhone 14 Plus;Pantalla;427;14plus.png;Normal;
iPhone;iPhone 14;iPhone 14 Plus;Cristal trasero;191;14plus.png;Normal;
iPhone;iPhone 14;iPhone 14 Plus;Cristal trasero (Si se repara junto a pantalla);94;14plus.png;Normal;
iPhone;iPhone 14;iPhone 14 Plus;Carcasa (Incluye placa lógica);563;14plus.png;Normal;
iPhone;iPhone 14;iPhone 14 Plus;Batería;119;14plus.png;Normal;
iPhone;iPhone 14;iPhone 14 Plus;Cámara trasera;212;14plus.png;Normal;
iPhone;iPhone 14;iPhone 14 Plus;TrueDepth (Cámara frontal);218;14plus.png;Normal;
iPhone;iPhone 14;iPhone 14 Plus;Altavoz superior;138;14plus.png;Normal;
iPhone;iPhone 14;iPhone 14 Plus;Altavoz inferior;138;14plus.png;Normal;
iPhone;iPhone 14;iPhone 14 Plus;Taptic Engine (Vibrador);Consultar con el técnico;14plus.png;Normal;
iPhone;iPhone 14;iPhone 14 Plus;Bandeja SIM;15;14plus.png;Normal;
iPhone;iPhone 14;iPhone 14 Plus;Otros daños (SWAP);99;14plus.png;AppleCare;
iPhone;iPhone 14;iPhone 14 Plus;Pantalla;29;14plus.png;AppleCare;
iPhone;iPhone 14;iPhone 14 Plus;Cristal trasero;29;14plus.png;AppleCare;
iPhone;iPhone 14;iPhone 14 Plus;Batería;0;14plus.png;AppleCare;
iPhone;iPhone 14;iPhone 14;SWAP de 128GB;508;14.png;Normal;
iPhone;iPhone 14;iPhone 14;SWAP de 256GB y 512GB;571;14.png;Normal;
iPhone;iPhone 14;iPhone 14;Pantalla;361;14.png;Normal;
iPhone;iPhone 14;iPhone 14;Cristal trasero;191;14.png;Normal;
iPhone;iPhone 14;iPhone 14;Cristal trasero (Si se repara junto a pantalla);96;14.png;Normal;
iPhone;iPhone 14;iPhone 14;Carcasa (Incluye placa lógica);489;14.png;Normal;
iPhone;iPhone 14;iPhone 14;Batería;119;14.png;Normal;
iPhone;iPhone 14;iPhone 14;Cámara trasera;212;14.png;Normal;
iPhone;iPhone 14;iPhone 14;TrueDepth (Cámara frontal);218;14.png;Normal;
iPhone;iPhone 14;iPhone 14;Altavoz superior;138;14.png;Normal;
iPhone;iPhone 14;iPhone 14;Altavoz inferior;138;14.png;Normal;
iPhone;iPhone 14;iPhone 14;Taptic Engine (Vibrador);Consultar con el técnico;14.png;Normal;
iPhone;iPhone 14;iPhone 14;Bandeja SIM;15;14.png;Normal;
iPhone;iPhone 14;iPhone 14;Otros daños (SWAP);99;14.png;AppleCare;
iPhone;iPhone 14;iPhone 14;Pantalla;29;14.png;AppleCare;
iPhone;iPhone 14;iPhone 14;Cristal trasero;29;14.png;AppleCare;
iPhone;iPhone 14;iPhone 14;Batería;0;14.png;AppleCare;
iPhone;iPhone 13;iPhone 13 Pro Max;SWAP;751;13promax.png;Normal;
iPhone;iPhone 13;iPhone 13 Pro Max;Pantalla;427;13promax.png;Normal;
iPhone;iPhone 13;iPhone 13 Pro Max;Carcasa (Incluye placa lógica y cristal trasero);626;13promax.png;Normal;
iPhone;iPhone 13;iPhone 13 Pro Max;Batería;99;13promax.png;Normal;
iPhone;iPhone 13;iPhone 13 Pro Max;Cámara trasera;235;13promax.png;Normal;
iPhone;iPhone 13;iPhone 13 Pro Max;TrueDepth (Cámara frontal);218;13promax.png;Normal;
iPhone;iPhone 13;iPhone 13 Pro Max;Altavoz superior;138;13promax.png;Normal;
iPhone;iPhone 13;iPhone 13 Pro Max;Altavoz inferior;138;13promax.png;Normal;
iPhone;iPhone 13;iPhone 13 Pro Max;Taptic Engine (Vibrador);Consultar con el técnico;13promax.png;AppleCare;
iPhone;iPhone 13;iPhone 13 Pro Max;Bandeja SIM;15;13promax.png;AppleCare;
iPhone;iPhone 13;iPhone 13 Pro Max;Otros daños (SWAP);99;13promax.png;AppleCare;
iPhone;iPhone 13;iPhone 13 Pro Max;Pantalla;29;13promax.png;AppleCare;
iPhone;iPhone 13;iPhone 13 Pro Max;Cristal trasero;29;13promax.png;AppleCare;
iPhone;iPhone 13;iPhone 13 Pro Max;Batería;0;13promax.png;AppleCare;
iPhone;iPhone 13;iPhone 13 Pro;SWAP;571;13pro.png;Normal;
iPhone;iPhone 13;iPhone 13 Pro;Pantalla;361;13pro.png;Normal;
iPhone;iPhone 13;iPhone 13 Pro;Carcasa (Incluye placa lógica y cristal trasero);552;13pro.png;Normal;
iPhone;iPhone 13;iPhone 13 Pro;Batería;99;13pro.png;Normal;
iPhone;iPhone 13;iPhone 13 Pro;Cámara trasera;235;13pro.png;Normal;
iPhone;iPhone 13;iPhone 13 Pro;TrueDepth (Cámara frontal);218;13pro.png;Normal;
iPhone;iPhone 13;iPhone 13 Pro;Altavoz superior;138;13pro.png;Normal;
iPhone;iPhone 13;iPhone 13 Pro;Altavoz inferior;138;13pro.png;Normal;
iPhone;iPhone 13;iPhone 13 Pro;Taptic Engine (Vibrador);Consultar con el técnico;13pro.png;AppleCare;
iPhone;iPhone 13;iPhone 13 Pro;Bandeja SIM;15;13pro.png;AppleCare;
iPhone;iPhone 13;iPhone 13 Pro;Otros daños (SWAP);99;13pro.png;AppleCare;
iPhone;iPhone 13;iPhone 13 Pro;Pantalla;29;13pro.png;AppleCare;
iPhone;iPhone 13;iPhone 13 Pro;Cristal trasero;29;13pro.png;AppleCare;
iPhone;iPhone 13;iPhone 13 Pro;Batería;0;13pro.png;AppleCare;
iPhone;iPhone 13;iPhone 13;SWAP de 128GB;521;13.png;Normal;
iPhone;iPhone 13;iPhone 13;SWAP de 256GB y 512GB;571;13.png;Normal;
iPhone;iPhone 13;iPhone 13;Pantalla;361;13.png;Normal;
iPhone;iPhone 13;iPhone 13;Carcasa (Incluye placa lógica y cristal trasero);552;13.png;Normal;
iPhone;iPhone 13;iPhone 13;Batería;99;13.png;Normal;
iPhone;iPhone 13;iPhone 13;Cámara trasera;235;13.png;Normal;
iPhone;iPhone 13;iPhone 13;TrueDepth (Cámara frontal);218;13.png;Normal;
iPhone;iPhone 13;iPhone 13;Altavoz superior;138;13.png;Normal;
iPhone;iPhone 13;iPhone 13;Altavoz inferior;138;13.png;Normal;
iPhone;iPhone 13;iPhone 13;Taptic Engine (Vibrador);Consultar con el técnico;13.png;Normal;
iPhone;iPhone 13;iPhone 13;Bandeja SIM;15;13.png;Normal;
iPhone;iPhone 13;iPhone 13;Otros daños (SWAP);99;13.png;AppleCare;
iPhone;iPhone 13;iPhone 13;Pantalla;29;13.png;AppleCare;
iPhone;iPhone 13;iPhone 13;Cristal trasero;29;13.png;AppleCare;
iPhone;iPhone 13;iPhone 13;Batería;0;13.png;AppleCare;
iPhone;iPhone 13;iPhone 13 mini;SWAP;441;13mini.png;Normal;
iPhone;iPhone 13;iPhone 13 mini;Pantalla;291;13mini.png;Normal;
iPhone;iPhone 13;iPhone 13 mini;Carcasa (Incluye placa lógica y cristal trasero);379;13mini.png;Normal;
iPhone;iPhone 13;iPhone 13 mini;Batería;99;13mini.png;Normal;
iPhone;iPhone 13;iPhone 13 mini;Cámara trasera;212;13mini.png;Normal;
iPhone;iPhone 13;iPhone 13 mini;TrueDepth (Cámara frontal);218;13mini.png;Normal;
iPhone;iPhone 13;iPhone 13 mini;Altavoz superior;138;13mini.png;Normal;
iPhone;iPhone 13;iPhone 13 mini;Altavoz inferior;138;13mini.png;Normal;
iPhone;iPhone 13;iPhone 13 mini;Taptic Engine (Vibrador);Consultar con el técnico;13mini.png;Normal;
iPhone;iPhone 13;iPhone 13 mini;Bandeja SIM;15;13mini.png;Normal;
iPhone;iPhone 13;iPhone 13 mini;Otros daños (SWAP);99;13mini.png;AppleCare;
iPhone;iPhone 13;iPhone 13 mini;Pantalla;29;13mini.png;AppleCare;
iPhone;iPhone 13;iPhone 13 mini;Cristal trasero;29;13mini.png;AppleCare;
iPhone;iPhone 13;iPhone 13 mini;Batería;0;13mini.png;AppleCare;
iPhone;iPhone 12;iPhone 12 Pro Max;SWAP;751;12promax.png;Normal;
iPhone;iPhone 12;iPhone 12 Pro Max;Pantalla;427;12promax.png;Normal;
iPhone;iPhone 12;iPhone 12 Pro Max;Carcasa (Incluye placa lógica y cristal trasero);626;12promax.png;Normal;
iPhone;iPhone 12;iPhone 12 Pro Max;Batería;99;12promax.png;Normal;
iPhone;iPhone 12;iPhone 12 Pro Max;Cámara trasera;235;12promax.png;Normal;
iPhone;iPhone 12;iPhone 12 Pro Max;TrueDepth (Cámara frontal);199;12promax.png;Normal;
iPhone;iPhone 12;iPhone 12 Pro Max;Altavoz inferior;138;12promax.png;Normal;
iPhone;iPhone 12;iPhone 12 Pro Max;Taptic Engine (Vibrador);Consultar con el técnico;12promax.png;Normal;
iPhone;iPhone 12;iPhone 12 Pro Max;Bandeja SIM;15;12promax.png;Normal;
iPhone;iPhone 12;iPhone 12 Pro Max;Otros daños (SWAP);99;12promax.png;AppleCare;
iPhone;iPhone 12;iPhone 12 Pro Max;Pantalla;29;12promax.png;AppleCare;
iPhone;iPhone 12;iPhone 12 Pro Max;Cristal trasero;29;12promax.png;AppleCare;
iPhone;iPhone 12;iPhone 12 Pro Max;Batería;0;12promax.png;AppleCare;
iPhone;iPhone 12;iPhone 12 Pro;SWAP;571;12pro.png;Normal;
iPhone;iPhone 12;iPhone 12 Pro;Pantalla;361;12pro.png;Normal;
iPhone;iPhone 12;iPhone 12 Pro;Carcasa (Incluye placa lógica y cristal trasero);552;12pro.png;Normal;
iPhone;iPhone 12;iPhone 12 Pro;Batería;99;12pro.png;Normal;
iPhone;iPhone 12;iPhone 12 Pro;Cámara trasera;232;12pro.png;Normal;
iPhone;iPhone 12;iPhone 12 Pro;TrueDepth (Cámara frontal);199;12pro.png;Normal;
iPhone;iPhone 12;iPhone 12 Pro;Altavoz inferior;138;12pro.png;Normal;
iPhone;iPhone 12;iPhone 12 Pro;Taptic Engine (Vibrador);Consultar con el técnico;12pro.png;Normal;
iPhone;iPhone 12;iPhone 12 Pro;Bandeja SIM;15;12pro.png;Normal;
iPhone;iPhone 12;iPhone 12 Pro;Otros daños (SWAP);99;12pro.png;AppleCare;
iPhone;iPhone 12;iPhone 12 Pro;Pantalla;29;12pro.png;AppleCare;
iPhone;iPhone 12;iPhone 12 Pro;Cristal trasero;29;12pro.png;AppleCare;
iPhone;iPhone 12;iPhone 12 Pro;Batería;0;12pro.png;AppleCare;
iPhone;iPhone 12;iPhone 12;SWAP;521;12.png;Normal;
iPhone;iPhone 12;iPhone 12;Pantalla;361;12.png;Normal;
iPhone;iPhone 12;iPhone 12;Carcasa (Incluye placa lógica y cristal trasero);435;12.png;Normal;
iPhone;iPhone 12;iPhone 12;Batería;99;12.png;Normal;
iPhone;iPhone 12;iPhone 12;Cámara trasera;212;12.png;Normal;
iPhone;iPhone 12;iPhone 12;TrueDepth (Cámara frontal);199;12.png;Normal;
iPhone;iPhone 12;iPhone 12;Altavoz inferior;138;12.png;Normal;
iPhone;iPhone 12;iPhone 12;Taptic Engine (Vibrador);Consultar con el técnico;12.png;Normal;
iPhone;iPhone 12;iPhone 12;Bandeja SIM;15;12.png;Normal;
iPhone;iPhone 12;iPhone 12;Otros daños (SWAP);99;12.png;AppleCare;
iPhone;iPhone 12;iPhone 12;Pantalla;29;12.png;AppleCare;
iPhone;iPhone 12;iPhone 12;Cristal trasero;29;12.png;AppleCare;
iPhone;iPhone 12;iPhone 12;Batería;0;12.png;AppleCare;
iPhone;iPhone 12;iPhone 12 mini;SWAP;441;12mini.png;Normal;
iPhone;iPhone 12;iPhone 12 mini;Pantalla;291;12mini.png;Normal;
iPhone;iPhone 12;iPhone 12 mini;Carcasa (Incluye placa lógica y cristal trasero);379;12mini.png;Normal;
iPhone;iPhone 12;iPhone 12 mini;Batería;99;12mini.png;Normal;
iPhone;iPhone 12;iPhone 12 mini;Cámara trasera;212;12mini.png;Normal;
iPhone;iPhone 12;iPhone 12 mini;TrueDepth (Cámara frontal);199;12mini.png;Normal;
iPhone;iPhone 12;iPhone 12 mini;Altavoz inferior;138;12mini.png;Normal;
iPhone;iPhone 12;iPhone 12 mini;Taptic Engine (Vibrador);Consultar con el técnico;12mini.png;Normal;
iPhone;iPhone 12;iPhone 12 mini;Bandeja SIM;15;12mini.png;Normal;
iPhone;iPhone 12;iPhone 12 mini;Otros daños (SWAP);99;12mini.png;AppleCare;
iPhone;iPhone 12;iPhone 12 mini;Pantalla;29;12mini.png;AppleCare;
iPhone;iPhone 12;iPhone 12 mini;Cristal trasero;29;12mini.png;AppleCare;
iPhone;iPhone 12;iPhone 12 mini;Batería;0;12mini.png;AppleCare;
iPhone;iPhone 11;iPhone 11 Pro Max;SWAP;751;11promax.png;Normal;
iPhone;iPhone 11;iPhone 11 Pro Max;Pantalla;427;11promax.png;Normal;
iPhone;iPhone 11;iPhone 11 Pro Max;Batería;99;11promax.png;Normal;
iPhone;iPhone 11;iPhone 11 Pro Max;Cámara trasera;174;11promax.png;Normal;
iPhone;iPhone 11;iPhone 11 Pro Max;TrueDepth (Cámara frontal);199;11promax.png;Normal;
iPhone;iPhone 11;iPhone 11 Pro Max;Altavoz inferior;138;11promax.png;Normal;
iPhone;iPhone 11;iPhone 11 Pro Max;Taptic Engine (Vibrador);Consultar con el técnico;11promax.png;Normal;
iPhone;iPhone 11;iPhone 11 Pro Max;Bandeja SIM;15;11promax.png;Normal;
iPhone;iPhone 11;iPhone 11 Pro Max;Otros daños (SWAP);99;11promax.png;AppleCare;
iPhone;iPhone 11;iPhone 11 Pro Max;Pantalla;29;11promax.png;AppleCare;
iPhone;iPhone 11;iPhone 11 Pro Max;Batería;0;11promax.png;AppleCare;
iPhone;iPhone 11;iPhone 11 Pro;SWAP;571;11pro.png;Normal;
iPhone;iPhone 11;iPhone 11 Pro;Pantalla;361;11pro.png;Normal;
iPhone;iPhone 11;iPhone 11 Pro;Batería;99;11pro.png;Normal;
iPhone;iPhone 11;iPhone 11 Pro;Cámara trasera;174;11pro.png;Normal;
iPhone;iPhone 11;iPhone 11 Pro;TrueDepth (Cámara frontal);199;11pro.png;Normal;
iPhone;iPhone 11;iPhone 11 Pro;Altavoz inferior;138;11pro.png;Normal;
iPhone;iPhone 11;iPhone 11 Pro;Taptic Engine (Vibrador);Consultar con el técnico;11pro.png;Normal;
iPhone;iPhone 11;iPhone 11 Pro;Bandeja SIM;15;11pro.png;Normal;
iPhone;iPhone 11;iPhone 11 Pro;Otros daños (SWAP);99;11pro.png;AppleCare;
iPhone;iPhone 11;iPhone 11 Pro;Pantalla;29;11pro.png;AppleCare;
iPhone;iPhone 11;iPhone 11 Pro;Batería;0;11pro.png;AppleCare;
iPhone;iPhone 11;iPhone 11;SWAP;441;11.png;Normal;
iPhone;iPhone 11;iPhone 11;Pantalla;261;11.png;Normal;
iPhone;iPhone 11;iPhone 11;Batería;99;11.png;Normal;
iPhone;iPhone 11;iPhone 11;Cámara trasera;143;11.png;Normal;
iPhone;iPhone 11;iPhone 11;TrueDepth (Cámara frontal);199;11.png;Normal;
iPhone;iPhone 11;iPhone 11;Altavoz inferior;138;11.png;Normal;
iPhone;iPhone 11;iPhone 11;Taptic Engine (Vibrador);Consultar con el técnico;11.png;Normal;
iPhone;iPhone 11;iPhone 11;Bandeja SIM;15;11.png;Normal;
iPhone;iPhone 11;iPhone 11;Otros daños (SWAP);99;11.png;AppleCare;
iPhone;iPhone 11;iPhone 11;Pantalla;29;11.png;AppleCare;
iPhone;iPhone 11;iPhone 11;Batería;0;11.png;AppleCare;
iPhone;iPhone X;iPhone Xs Max;SWAP;751;xsmax.png;Normal;
iPhone;iPhone X;iPhone Xs Max;Pantalla;427;xsmax.png;Normal;
iPhone;iPhone X;iPhone Xs Max;Batería;99;xsmax.png;Normal;
iPhone;iPhone X;iPhone Xs Max;Cámara trasera;142;xsmax.png;Normal;
iPhone;iPhone X;iPhone Xs Max;TrueDepth (Cámara frontal);196;xsmax.png;Normal;
iPhone;iPhone X;iPhone Xs Max;Altavoz inferior;138;xsmax.png;Normal;
iPhone;iPhone X;iPhone Xs Max;Taptic Engine (Vibrador);Consultar con el técnico;xsmax.png;AppleCare;
iPhone;iPhone X;iPhone Xs Max;Bandeja SIM;15;xsmax.png;AppleCare;
iPhone;iPhone X;iPhone Xs Max;Otros daños (SWAP);99;xsmax.png;AppleCare;
iPhone;iPhone X;iPhone Xs Max;Pantalla;29;xsmax.png;AppleCare;
iPhone;iPhone X;iPhone Xs Max;Batería;0;xsmax.png;AppleCare;
iPhone;iPhone X;iPhone Xs;SWAP;571;xs.png;Normal;
iPhone;iPhone X;iPhone Xs;Pantalla;361;xs.png;Normal;
iPhone;iPhone X;iPhone Xs;Batería;99;xs.png;Normal;
iPhone;iPhone X;iPhone Xs;Cámara trasera;142;xs.png;Normal;
iPhone;iPhone X;iPhone Xs;TrueDepth (Cámara frontal);196;xs.png;Normal;
iPhone;iPhone X;iPhone Xs;Altavoz inferior;138;xs.png;Normal;
iPhone;iPhone X;iPhone Xs;Taptic Engine (Vibrador);Consultar con el técnico;xs.png;Normal;
iPhone;iPhone X;iPhone Xs;Bandeja SIM;15;xs.png;Normal;
iPhone;iPhone X;iPhone Xs;Otros daños (SWAP);99;xs.png;AppleCare;
iPhone;iPhone X;iPhone Xs;Pantalla;29;xs.png;AppleCare;
iPhone;iPhone X;iPhone Xs;Batería;0;xs.png;AppleCare;
iPhone;iPhone X;iPhone X;SWAP;571;x.png;Normal;
iPhone;iPhone X;iPhone X;Pantalla;361;x.png;Normal;
iPhone;iPhone X;iPhone X;Batería;99;x.png;Normal;
iPhone;iPhone X;iPhone X;Cámara trasera;142;x.png;Normal;
iPhone;iPhone X;iPhone X;TrueDepth (Cámara frontal);196;x.png;Normal;
iPhone;iPhone X;iPhone X;Altavoz inferior;138;x.png;Normal;
iPhone;iPhone X;iPhone X;Taptic Engine (Vibrador);Consultar con el técnico;x.png;Normal;
iPhone;iPhone X;iPhone X;Bandeja SIM;15;x.png;Normal;
iPhone;iPhone X;iPhone X;Otros daños (SWAP);99;x.png;AppleCare;
iPhone;iPhone X;iPhone X;Pantalla;29;x.png;AppleCare;
iPhone;iPhone X;iPhone X;Batería;0;x.png;AppleCare;
iPhone;iPhone X;iPhone XR;SWAP;441;xr.png;Normal;
iPhone;iPhone X;iPhone XR;Pantalla;261;xr.png;Normal;
iPhone;iPhone X;iPhone XR;Batería;99;xr.png;Normal;
iPhone;iPhone X;iPhone XR;Cámara trasera;142;xr.png;Normal;
iPhone;iPhone X;iPhone XR;TrueDepth (Cámara frontal);196;xr.png;Normal;
iPhone;iPhone X;iPhone XR;Altavoz inferior;138;xr.png;Normal;
iPhone;iPhone X;iPhone XR;Taptic Engine (Vibrador);Consultar con el técnico;xr.png;Normal;
iPhone;iPhone X;iPhone XR;Bandeja SIM;15;xr.png;Normal;
iPhone;iPhone X;iPhone XR;Otros daños (SWAP);99;xr.png;AppleCare;
iPhone;iPhone X;iPhone XR;Pantalla;29;xr.png;AppleCare;
iPhone;iPhone X;iPhone XR;Batería;0;xr.png;AppleCare;
iPhone;iPhone 8;iPhone 8 Plus;SWAP;441;8plus.png;Normal;
iPhone;iPhone 8;iPhone 8 Plus;Pantalla;231;8plus.png;Normal;
iPhone;iPhone 8;iPhone 8 Plus;Batería;79;8plus.png;Normal;
iPhone;iPhone 8;iPhone 8 Plus;Cámara trasera;127;8plus.png;Normal;
iPhone;iPhone 8;iPhone 8 Plus;Altavoz inferior;138;8plus.png;Normal;
iPhone;iPhone 8;iPhone 8 Plus;Taptic Engine (Vibrador);Consultar con el técnico;8plus.png;Normal;
iPhone;iPhone 8;iPhone 8 Plus;Bandeja SIM;15;8plus.png;Normal;
iPhone;iPhone 8;iPhone 8 Plus;Otros daños (SWAP);99;8plus.png;AppleCare;
iPhone;iPhone 8;iPhone 8 Plus;Pantalla;29;8plus.png;AppleCare;
iPhone;iPhone 8;iPhone 8 Plus;Batería;0;8plus.png;AppleCare;
iPhone;iPhone 8;iPhone 8;SWAP;441;8.png;Normal;
iPhone;iPhone 8;iPhone 8;Pantalla;207;8.png;Normal;
iPhone;iPhone 8;iPhone 8;Batería;79;8.png;Normal;
iPhone;iPhone 8;iPhone 8;Cámara trasera;127;8.png;Normal;
iPhone;iPhone 8;iPhone 8;Altavoz inferior;138;8.png;Normal;
iPhone;iPhone 8;iPhone 8;Taptic Engine (Vibrador);Consultar con el técnico;8.png;Normal;
iPhone;iPhone 8;iPhone 8;Bandeja SIM;15;8.png;Normal;
iPhone;iPhone 8;iPhone 8;Otros daños (SWAP);99;8.png;AppleCare;
iPhone;iPhone 8;iPhone 8;Pantalla;29;8.png;AppleCare;
iPhone;iPhone 8;iPhone 8;Batería;0;8.png;AppleCare;
iPhone;iPhone SE;iPhone SE (3.ª generación);SWAP;421;se3.png;Normal;
iPhone;iPhone SE;iPhone SE (3.ª generación);Pantalla;207;se3.png;Normal;
iPhone;iPhone SE;iPhone SE (3.ª generación);Batería;79;se3.png;Normal;
iPhone;iPhone SE;iPhone SE (3.ª generación);Cámara trasera;127;se3.png;Normal;
iPhone;iPhone SE;iPhone SE (3.ª generación);Altavoz inferior;105;se3.png;Normal;
iPhone;iPhone SE;iPhone SE (3.ª generación);Taptic Engine (Vibrador);Consultar con el técnico;se3.png;AppleCare;
iPhone;iPhone SE;iPhone SE (3.ª generación);Bandeja SIM;15;se3.png;AppleCare;
iPhone;iPhone SE;iPhone SE (3.ª generación);Otros daños (SWAP);99;se3.png;AppleCare;
iPhone;iPhone SE;iPhone SE (3.ª generación);Pantalla;29;se3.png;AppleCare;
iPhone;iPhone SE;iPhone SE (3.ª generación);Batería;0;se3.png;AppleCare;
iPhone;iPhone SE;iPhone SE (2.ª generación);SWAP;361;se2.png;Normal;
iPhone;iPhone SE;iPhone SE (2.ª generación);Pantalla;207;se2.png;Normal;
iPhone;iPhone SE;iPhone SE (2.ª generación);Batería;79;se2.png;Normal;
iPhone;iPhone SE;iPhone SE (2.ª generación);Cámara trasera;127;se2.png;Normal;
iPhone;iPhone SE;iPhone SE (2.ª generación);Altavoz inferior;105;se2.png;Normal;
iPhone;iPhone SE;iPhone SE (2.ª generación);Taptic Engine (Vibrador);Consultar con el técnico;se2.png;AppleCare;
iPhone;iPhone SE;iPhone SE (2.ª generación);Bandeja SIM;15;se2.png;AppleCare;
iPhone;iPhone SE;iPhone SE (2.ª generación);Otros daños (SWAP);99;se2.png;AppleCare;
iPhone;iPhone SE;iPhone SE (2.ª generación);Pantalla;29;se2.png;AppleCare;
iPhone;iPhone SE;iPhone SE (2.ª generación);Batería;0;se2.png;AppleCare;
AirPods;AirPods Max 2;AirPods Max 2;Otros daños;Consultar al técnico;airpodsmax2.png;Normal;
AirPods;AirPods Max 2;AirPods Max 2;Batería;121;airpodsmax2.png;Normal;
AirPods;AirPods Max 2;AirPods Max 2;Otros daños;29;airpodsmax2.png;AppleCare;
AirPods;AirPods Max 2;AirPods Max 2;Batería;0;airpodsmax2.png;AppleCare;
AirPods;AirPods Max 1;AirPods Max 1;Otros daños;Consultar al técnico;airpodsmax1.png;Normal;
AirPods;AirPods Max 1;AirPods Max 1;Batería;121;airpodsmax1.png;Normal;
AirPods;AirPods Max 1;AirPods Max 1;Otros daños;29;airpodsmax1.png;AppleCare;
AirPods;AirPods Max 1;AirPods Max 1;Batería;0;airpodsmax1.png;AppleCare;
AirPods;AirPods Pro 3;AirPods Pro 3;AirPod izquierdo;121;airpodspro3.png;Normal;
AirPods;AirPods Pro 3;AirPods Pro 3;AirPod derecho;121;airpodspro3.png;Normal;
AirPods;AirPods Pro 3;AirPods Pro 3;Estuche;121;airpodspro3.png;Normal;
AirPods;AirPods Pro 3;AirPods Pro 3;AirPod izquierdo por batería;69;airpodspro3.png;Normal;
AirPods;AirPods Pro 3;AirPods Pro 3;AirPod derecho por batería;69;airpodspro3.png;Normal;
AirPods;AirPods Pro 3;AirPods Pro 3;Estuche por batería;69;airpodspro3.png;Normal;
AirPods;AirPods Pro 3;AirPods Pro 3;Otros daños;29;airpodspro3.png;AppleCare;
AirPods;AirPods Pro 3;AirPods Pro 3;Batería;0;airpodspro3.png;AppleCare;
AirPods;AirPods Pro 2 (USB-C);AirPods Pro 2 (USB-C);AirPod izquierdo;121;airpodspro2.png;Normal;
AirPods;AirPods Pro 2 (USB-C);AirPods Pro 2 (USB-C);AirPod derecho;121;airpodspro2.png;Normal;
AirPods;AirPods Pro 2 (USB-C);AirPods Pro 2 (USB-C);Estuche;121;airpodspro2.png;Normal;
AirPods;AirPods Pro 2 (USB-C);AirPods Pro 2 (USB-C);AirPod izquierdo por batería;69;airpodspro2.png;Normal;
AirPods;AirPods Pro 2 (USB-C);AirPods Pro 2 (USB-C);AirPod derecho por batería;69;airpodspro2.png;Normal;
AirPods;AirPods Pro 2 (USB-C);AirPods Pro 2 (USB-C);Estuche por batería;69;airpodspro2.png;Normal;
AirPods;AirPods Pro 2 (USB-C);AirPods Pro 2 (USB-C);Otros daños;29;airpodspro2.png;AppleCare;
AirPods;AirPods Pro 2 (USB-C);AirPods Pro 2 (USB-C);Batería;0;airpodspro2.png;AppleCare;
AirPods;AirPods Pro 2 (Lightning);AirPods Pro 2 (Lightning);AirPod izquierdo;121;airpodspro2.png;Normal;
AirPods;AirPods Pro 2 (Lightning);AirPods Pro 2 (Lightning);AirPod derecho;121;airpodspro2.png;Normal;
AirPods;AirPods Pro 2 (Lightning);AirPods Pro 2 (Lightning);Estuche;121;airpodspro2.png;Normal;
AirPods;AirPods Pro 2 (Lightning);AirPods Pro 2 (Lightning);AirPod izquierdo por batería;69;airpodspro2.png;Normal;
AirPods;AirPods Pro 2 (Lightning);AirPods Pro 2 (Lightning);AirPod derecho por batería;69;airpodspro2.png;Normal;
AirPods;AirPods Pro 2 (Lightning);AirPods Pro 2 (Lightning);Estuche por batería;69;airpodspro2.png;Normal;
AirPods;AirPods Pro 2 (Lightning);AirPods Pro 2 (Lightning);Otros daños;29;airpodspro2.png;AppleCare;
AirPods;AirPods Pro 2 (Lightning);AirPods Pro 2 (Lightning);Batería;0;airpodspro2.png;AppleCare;
AirPods;AirPods Pro 1 (Magsafe);AirPods Pro 1 (Magsafe);AirPod izquierdo;121;airpodspro1.png;Normal;
AirPods;AirPods Pro 1 (Magsafe);AirPods Pro 1 (Magsafe);AirPod derecho;121;airpodspro1.png;Normal;
AirPods;AirPods Pro 1 (Magsafe);AirPods Pro 1 (Magsafe);Estuche;121;airpodspro1.png;Normal;
AirPods;AirPods Pro 1 (Magsafe);AirPods Pro 1 (Magsafe);AirPod izquierdo por batería;69;airpodspro1.png;Normal;
AirPods;AirPods Pro 1 (Magsafe);AirPods Pro 1 (Magsafe);AirPod derecho por batería;69;airpodspro1.png;Normal;
AirPods;AirPods Pro 1 (Magsafe);AirPods Pro 1 (Magsafe);Estuche por batería;69;airpodspro1.png;Normal;
AirPods;AirPods Pro 1 (Magsafe);AirPods Pro 1 (Magsafe);Otros daños;29;airpodspro1.png;AppleCare;
AirPods;AirPods Pro 1 (Magsafe);AirPods Pro 1 (Magsafe);Batería;0;airpodspro1.png;AppleCare;
AirPods;AirPods Pro 1 (inálambricos);AirPods Pro 1 (inálambricos);AirPod izquierdo;121;airpodspro1.png;Normal;
AirPods;AirPods Pro 1 (inálambricos);AirPods Pro 1 (inálambricos);AirPod derecho;121;airpodspro1.png;Normal;
AirPods;AirPods Pro 1 (inálambricos);AirPods Pro 1 (inálambricos);Estuche;121;airpodspro1.png;Normal;
AirPods;AirPods Pro 1 (inálambricos);AirPods Pro 1 (inálambricos);AirPod izquierdo por batería;69;airpodspro1.png;Normal;
AirPods;AirPods Pro 1 (inálambricos);AirPods Pro 1 (inálambricos);AirPod derecho por batería;69;airpodspro1.png;Normal;
AirPods;AirPods Pro 1 (inálambricos);AirPods Pro 1 (inálambricos);Estuche por batería;69;airpodspro1.png;Normal;
AirPods;AirPods Pro 1 (inálambricos);AirPods Pro 1 (inálambricos);Otros daños;29;airpodspro1.png;AppleCare;
AirPods;AirPods Pro 1 (inálambricos);AirPods Pro 1 (inálambricos);Batería;0;airpodspro1.png;AppleCare;
AirPods;AirPods 4 (ANC);AirPods 4 (ANC);AirPod izquierdo;101;airpods4.png;Normal;
AirPods;AirPods 4 (ANC);AirPods 4 (ANC);AirPod derecho;101;airpods4.png;Normal;
AirPods;AirPods 4 (ANC);AirPods 4 (ANC);Estuche Magsafe;101;airpods4.png;Normal;
AirPods;AirPods 4 (ANC);AirPods 4 (ANC);AirPod izquierdo por batería;69;airpods4.png;Normal;
AirPods;AirPods 4 (ANC);AirPods 4 (ANC);AirPod derecho por batería;69;airpods4.png;Normal;
AirPods;AirPods 4 (ANC);AirPods 4 (ANC);Estuche por batería;69;airpods4.png;Normal;
AirPods;AirPods 4 (ANC);AirPods 4 (ANC);Otros daños;29;airpods4.png;AppleCare;
AirPods;AirPods 4 (ANC);AirPods 4 (ANC);Batería;0;airpods4.png;AppleCare;
AirPods;AirPods 4;AirPods 4;AirPod izquierdo;101;airpods4.png;Normal;
AirPods;AirPods 4;AirPods 4;AirPod derecho;101;airpods4.png;Normal;
AirPods;AirPods 4;AirPods 4;Estuche Lightning;91;airpods4.png;Normal;
AirPods;AirPods 4;AirPods 4;AirPod izquierdo por batería;69;airpods4.png;Normal;
AirPods;AirPods 4;AirPods 4;AirPod derecho por batería;69;airpods4.png;Normal;
AirPods;AirPods 4;AirPods 4;Estuche por batería;69;airpods4.png;Normal;
AirPods;AirPods 4;AirPods 4;Otros daños;29;airpods4.png;AppleCare;
AirPods;AirPods 4;AirPods 4;Batería;0;airpods4.png;AppleCare;
AirPods;AirPods 3 (MagSafe);AirPods 3 (MagSafe);AirPod izquierdo;101;airpods3.png;Normal;
AirPods;AirPods 3 (MagSafe);AirPods 3 (MagSafe);AirPod derecho;101;airpods3.png;Normal;
AirPods;AirPods 3 (MagSafe);AirPods 3 (MagSafe);Estuche Magsafe;101;airpods3.png;Normal;
AirPods;AirPods 3 (MagSafe);AirPods 3 (MagSafe);AirPod izquierdo por batería;69;airpods3.png;Normal;
AirPods;AirPods 3 (MagSafe);AirPods 3 (MagSafe);AirPod derecho por batería;69;airpods3.png;Normal;
AirPods;AirPods 3 (MagSafe);AirPods 3 (MagSafe);Estuche por batería;69;airpods3.png;Normal;
AirPods;AirPods 3 (MagSafe);AirPods 3 (MagSafe);Otros daños;20;airpods3.png;AppleCare;
AirPods;AirPods 3 (MagSafe);AirPods 3 (MagSafe);Batería;0;airpods3.png;AppleCare;
AirPods;AirPods 3 (Lightning);AirPods 3 (Lightning);AirPod izquierdo;101;airpods3.png;Normal;
AirPods;AirPods 3 (Lightning);AirPods 3 (Lightning);AirPod derecho;101;airpods3.png;Normal;
AirPods;AirPods 3 (Lightning);AirPods 3 (Lightning);Estuche Lightning;91;airpods3.png;Normal;
AirPods;AirPods 3 (Lightning);AirPods 3 (Lightning);AirPod izquierdo por batería;69;airpods3.png;Normal;
AirPods;AirPods 3 (Lightning);AirPods 3 (Lightning);AirPod derecho por batería;69;airpods3.png;Normal;
AirPods;AirPods 3 (Lightning);AirPods 3 (Lightning);Estuche Lightning por batería;69;airpods3.png;Normal;
AirPods;AirPods 3 (Lightning);AirPods 3 (Lightning);Otros daños;29;airpods3.png;AppleCare;
AirPods;AirPods 3 (Lightning);AirPods 3 (Lightning);Batería;0;airpods3.png;AppleCare;
AirPods;AirPods 2 (inálambricos);AirPods 2 (inálambricos);AirPod izquierdo;101;airpods2.png;Normal;
AirPods;AirPods 2 (inálambricos);AirPods 2 (inálambricos);AirPod derecho;101;airpods2.png;Normal;
AirPods;AirPods 2 (inálambricos);AirPods 2 (inálambricos);Estuche;101;airpods2.png;Normal;
AirPods;AirPods 2 (inálambricos);AirPods 2 (inálambricos);AirPod izquierdo por batería;69;airpods2.png;Normal;
AirPods;AirPods 2 (inálambricos);AirPods 2 (inálambricos);AirPod derecho por batería;69;airpods2.png;Normal;
AirPods;AirPods 2 (inálambricos);AirPods 2 (inálambricos);Estuche por batería;69;airpods2.png;Normal;
AirPods;AirPods 2 (inálambricos);AirPods 2 (inálambricos);Otros daños;29;airpods2.png;AppleCare;
AirPods;AirPods 2 (inálambricos);AirPods 2 (inálambricos);Batería;0;airpods2.png;AppleCare;
AirPods;AirPods 2 (Lightning);AirPods 2 (Lightning);AirPod izquierdo ;101;airpods2.png;Normal;
AirPods;AirPods 2 (Lightning);AirPods 2 (Lightning);AirPod derecho;101;airpods2.png;Normal;
AirPods;AirPods 2 (Lightning);AirPods 2 (Lightning);Estuche;91;airpods2.png;Normal;
AirPods;AirPods 2 (Lightning);AirPods 2 (Lightning);AirPod izquierdo por batería;69;airpods2.png;Normal;
AirPods;AirPods 2 (Lightning);AirPods 2 (Lightning);AirPod derecho por batería;69;airpods2.png;Normal;
AirPods;AirPods 2 (Lightning);AirPods 2 (Lightning);Estuche por Batería;69;airpods2.png;Normal;
AirPods;AirPods 2 (Lightning);AirPods 2 (Lightning);Otros daños;29;airpods2.png;AppleCare;
AirPods;AirPods 2 (Lightning);AirPods 2 (Lightning);Batería;0;airpods2.png;AppleCare;
AirPods;Accesorios;Accesorios;Almohadillas (1 par de la misma talla);7;almohadillas.png;Normal;
iPad;iPad Pro;iPad Pro de 13 pulgadas (M5) Wi-Fi;SWAP;1141;ipadpro13m5.png;Normal;
iPad;iPad Pro;iPad Pro de 13 pulgadas (M5) Wi-Fi;Batería;235;ipadpro13m5.png;Normal;
iPad;iPad Pro;iPad Pro de 13 pulgadas (M5) Wi-Fi;Pantalla (Solo por mail-in);899;ipadpro13m5.png;Normal;
iPad;iPad Pro;iPad Pro de 13 pulgadas (M5) Wi-Fi;Otros daños (SWAP);99;ipadpro13m5.png;AppleCare;
iPad;iPad Pro;iPad Pro de 13 pulgadas (M5) Wi-Fi;Batería;0;ipadpro13m5.png;AppleCare;
iPad;iPad Pro;iPad Pro de 13 pulgadas (M5) Wi-Fi;Pantalla;29;ipadpro13m5.png;AppleCare;
iPad;iPad Pro;iPad Pro de 13 pulgadas (M5) Wi-Fi + Cellular;SWAP;1201;ipadpro13m5.png;Normal;
iPad;iPad Pro;iPad Pro de 13 pulgadas (M5) Wi-Fi + Cellular;Batería;235;ipadpro13m5.png;Normal;
iPad;iPad Pro;iPad Pro de 13 pulgadas (M5) Wi-Fi + Cellular;Pantalla (Solo por mail-in);899;ipadpro13m5.png;Normal;
iPad;iPad Pro;iPad Pro de 13 pulgadas (M5) Wi-Fi + Cellular;Otros daños (SWAP);99;ipadpro13m5.png;AppleCare;
iPad;iPad Pro;iPad Pro de 13 pulgadas (M5) Wi-Fi + Cellular;Batería;0;ipadpro13m5.png;AppleCare;
iPad;iPad Pro;iPad Pro de 13 pulgadas (M5) Wi-Fi + Cellular;Pantalla;29;ipadpro13m5.png;AppleCare;
iPad;iPad Pro;iPad Pro de 11 pulgadas (M5) Wi-Fi;SWAP;971;ipadpro11m5.png;Normal;
iPad;iPad Pro;iPad Pro de 11 pulgadas (M5) Wi-Fi;Batería;215;ipadpro11m5.png;Normal;
iPad;iPad Pro;iPad Pro de 11 pulgadas (M5) Wi-Fi;Pantalla (Solo por mail-in);739;ipadpro11m5.png;Normal;
iPad;iPad Pro;iPad Pro de 11 pulgadas (M5) Wi-Fi;Otros daños (SWAP);99;ipadpro11m5.png;AppleCare;
iPad;iPad Pro;iPad Pro de 11 pulgadas (M5) Wi-Fi;Batería;0;ipadpro11m5.png;AppleCare;
iPad;iPad Pro;iPad Pro de 11 pulgadas (M5) Wi-Fi;Pantalla;29;ipadpro11m5.png;AppleCare;
iPad;iPad Pro;iPad Pro de 11 pulgadas (M5) Wi-Fi + Cellular;SWAP;1031;ipadpro11m5.png;Normal;
iPad;iPad Pro;iPad Pro de 11 pulgadas (M5) Wi-Fi + Cellular;Batería;215;ipadpro11m5.png;Normal;
iPad;iPad Pro;iPad Pro de 11 pulgadas (M5) Wi-Fi + Cellular;Pantalla (Solo por mail-in);739;ipadpro11m5.png;Normal;
iPad;iPad Pro;iPad Pro de 11 pulgadas (M5) Wi-Fi + Cellular;Otros daños (SWAP);99;ipadpro11m5.png;AppleCare;
iPad;iPad Pro;iPad Pro de 11 pulgadas (M5) Wi-Fi + Cellular;Batería;0;ipadpro11m5.png;AppleCare;
iPad;iPad Pro;iPad Pro de 11 pulgadas (M5) Wi-Fi + Cellular;Pantalla;29;ipadpro11m5.png;AppleCare;
iPad;iPad Pro;iPad Pro de 13 pulgadas (M4) Wi-Fi;SWAP;1141;ipadpro13m4.png;Normal;
iPad;iPad Pro;iPad Pro de 13 pulgadas (M4) Wi-Fi;Batería;235;ipadpro13m4.png;Normal;
iPad;iPad Pro;iPad Pro de 13 pulgadas (M4) Wi-Fi;Pantalla (Solo por mail-in);899;ipadpro13m4.png;Normal;
iPad;iPad Pro;iPad Pro de 13 pulgadas (M4) Wi-Fi;Otros daños (SWAP);99;ipadpro13m4.png;AppleCare;
iPad;iPad Pro;iPad Pro de 13 pulgadas (M4) Wi-Fi;Batería;0;ipadpro13m4.png;AppleCare;
iPad;iPad Pro;iPad Pro de 13 pulgadas (M4) Wi-Fi;Pantalla;29;ipadpro13m4.png;AppleCare;
iPad;iPad Pro;iPad Pro de 13 pulgadas (M4) Wi-Fi + Cellular;SWAP;1201;ipadpro13m4.png;Normal;
iPad;iPad Pro;iPad Pro de 13 pulgadas (M4) Wi-Fi + Cellular;Batería;235;ipadpro13m4.png;Normal;
iPad;iPad Pro;iPad Pro de 13 pulgadas (M4) Wi-Fi + Cellular;Pantalla (Solo por mail-in);899;ipadpro13m4.png;Normal;
iPad;iPad Pro;iPad Pro de 13 pulgadas (M4) Wi-Fi + Cellular;Otros daños (SWAP);99;ipadpro13m4.png;AppleCare;
iPad;iPad Pro;iPad Pro de 13 pulgadas (M4) Wi-Fi + Cellular;Batería;0;ipadpro13m4.png;AppleCare;
iPad;iPad Pro;iPad Pro de 13 pulgadas (M4) Wi-Fi + Cellular;Pantalla;29;ipadpro13m4.png;AppleCare;
iPad;iPad Pro;iPad Pro de 11 pulgadas (M4) Wi-Fi;SWAP;971;ipadpro11m4.png;Normal;
iPad;iPad Pro;iPad Pro de 11 pulgadas (M4) Wi-Fi;Batería;215;ipadpro11m4.png;Normal;
iPad;iPad Pro;iPad Pro de 11 pulgadas (M4) Wi-Fi;Pantalla (Solo por mail-in);739;ipadpro11m4.png;Normal;
iPad;iPad Pro;iPad Pro de 11 pulgadas (M4) Wi-Fi;Otros daños (SWAP);99;ipadpro11m4.png;AppleCare;
iPad;iPad Pro;iPad Pro de 11 pulgadas (M4) Wi-Fi;Batería;0;ipadpro11m4.png;AppleCare;
iPad;iPad Pro;iPad Pro de 11 pulgadas (M4) Wi-Fi;Pantalla;29;ipadpro11m4.png;AppleCare;
iPad;iPad Pro;iPad Pro de 11 pulgadas (M4) Wi-Fi + Cellular;SWAP;1031;ipadpro11m4.png;Normal;
iPad;iPad Pro;iPad Pro de 11 pulgadas (M4) Wi-Fi + Cellular;Batería;215;ipadpro11m4.png;Normal;
iPad;iPad Pro;iPad Pro de 11 pulgadas (M4) Wi-Fi + Cellular;Pantalla (Solo por mail-in);739;ipadpro11m4.png;Normal;
iPad;iPad Pro;iPad Pro de 11 pulgadas (M4) Wi-Fi + Cellular;Otros daños (SWAP);99;ipadpro11m4.png;AppleCare;
iPad;iPad Pro;iPad Pro de 11 pulgadas (M4) Wi-Fi + Cellular;Batería;0;ipadpro11m4.png;AppleCare;
iPad;iPad Pro;iPad Pro de 11 pulgadas (M4) Wi-Fi + Cellular;Pantalla;29;ipadpro11m4.png;AppleCare;
iPad;iPad Pro;iPad Pro de 12,9 pulgadas (6.ª generación) Wi-Fi;SWAP;867;ipadpro6.png;Normal;
iPad;iPad Pro;iPad Pro de 12,9 pulgadas (6.ª generación) Wi-Fi;Batería;215;ipadpro6.png;Normal;
iPad;iPad Pro;iPad Pro de 12,9 pulgadas (6.ª generación) Wi-Fi;Otros daños (SWAP);49;ipadpro6.png;AppleCare;
iPad;iPad Pro;iPad Pro de 12,9 pulgadas (6.ª generación) Wi-Fi;Batería;0;ipadpro6.png;AppleCare;
iPad;iPad Pro;iPad Pro de 12,9 pulgadas (6.ª generación) Wi-Fi + Cellular;SWAP;921;ipadpro6.png;Normal;
iPad;iPad Pro;iPad Pro de 12,9 pulgadas (6.ª generación) Wi-Fi + Cellular;Batería;215;ipadpro6.png;Normal;
iPad;iPad Pro;iPad Pro de 12,9 pulgadas (6.ª generación) Wi-Fi + Cellular;Otros daños (SWAP);49;ipadpro6.png;AppleCare;
iPad;iPad Pro;iPad Pro de 12,9 pulgadas (6.ª generación) Wi-Fi + Cellular;Batería;0;ipadpro6.png;AppleCare;
iPad;iPad Pro;iPad Pro de 12,9 pulgadas (5.ª generación) Wi-Fi;SWAP;867;ipadpro5.png;Normal;
iPad;iPad Pro;iPad Pro de 12,9 pulgadas (5.ª generación) Wi-Fi;Batería;145;ipadpro5.png;Normal;
iPad;iPad Pro;iPad Pro de 12,9 pulgadas (5.ª generación) Wi-Fi;Otros daños (SWAP);49;ipadpro5.png;AppleCare;
iPad;iPad Pro;iPad Pro de 12,9 pulgadas (5.ª generación) Wi-Fi;Batería;0;ipadpro5.png;AppleCare;
iPad;iPad Pro;iPad Pro de 12,9 pulgadas (5.ª generación) Wi-Fi + Cellular;SWAP;921;ipadpro5.png;Normal;
iPad;iPad Pro;iPad Pro de 12,9 pulgadas (5.ª generación) Wi-Fi + Cellular;Batería;145;ipadpro5.png;Normal;
iPad;iPad Pro;iPad Pro de 12,9 pulgadas (5.ª generación) Wi-Fi + Cellular;Otros daños (SWAP);49;ipadpro5.png;AppleCare;
iPad;iPad Pro;iPad Pro de 12,9 pulgadas (5.ª generación) Wi-Fi + Cellular;Batería;0;ipadpro5.png;AppleCare;
iPad;iPad Pro;iPad Pro de 12,9 pulgadas (4.ª generación);SWAP;751;ipadpro412.png;Normal;
iPad;iPad Pro;iPad Pro de 12,9 pulgadas (4.ª generación);Batería;145;ipadpro412.png;Normal;
iPad;iPad Pro;iPad Pro de 12,9 pulgadas (4.ª generación);Otros daños (SWAP);49;ipadpro412.png;AppleCare;
iPad;iPad Pro;iPad Pro de 12,9 pulgadas (4.ª generación);Batería;0;ipadpro412.png;AppleCare;
iPad;iPad Pro;iPad Pro de 11 pulgadas (4.ª generación) Wi-Fi;SWAP;641;ipadpro411.png;Normal;
iPad;iPad Pro;iPad Pro de 11 pulgadas (4.ª generación) Wi-Fi;Batería;145;ipadpro411.png;Normal;
iPad;iPad Pro;iPad Pro de 11 pulgadas (4.ª generación) Wi-Fi;Otros daños (SWAP);49;ipadpro411.png;AppleCare;
iPad;iPad Pro;iPad Pro de 11 pulgadas (4.ª generación) Wi-Fi;Batería;0;ipadpro411.png;AppleCare;
iPad;iPad Pro;iPad Pro de 11 pulgadas (4.ª generación) Wi-Fi + Cellular;SWAP;691;ipadpro411.png;Normal;
iPad;iPad Pro;iPad Pro de 11 pulgadas (4.ª generación) Wi-Fi + Cellular;Batería;145;ipadpro411.png;Normal;
iPad;iPad Pro;iPad Pro de 11 pulgadas (4.ª generación) Wi-Fi + Cellular;Otros daños (SWAP);49;ipadpro411.png;AppleCare;
iPad;iPad Pro;iPad Pro de 11 pulgadas (4.ª generación) Wi-Fi + Cellular;Batería;0;ipadpro411.png;AppleCare;
iPad;iPad Pro;iPad Pro de 11 pulgadas (3.ª generación) Wi-Fi;SWAP;641;ipadpro3.png;Normal;
iPad;iPad Pro;iPad Pro de 11 pulgadas (3.ª generación) Wi-Fi;Batería;145;ipadpro3.png;Normal;
iPad;iPad Pro;iPad Pro de 11 pulgadas (3.ª generación) Wi-Fi;Otros daños (SWAP);49;ipadpro3.png;AppleCare;
iPad;iPad Pro;iPad Pro de 11 pulgadas (3.ª generación) Wi-Fi;Batería;0;ipadpro3.png;AppleCare;
iPad;iPad Pro;iPad Pro de 11 pulgadas (3.ª generación) Wi-Fi + Cellular;SWAP;691;ipadpro3.png;Normal;
iPad;iPad Pro;iPad Pro de 11 pulgadas (3.ª generación) Wi-Fi + Cellular;Batería;145;ipadpro3.png;Normal;
iPad;iPad Pro;iPad Pro de 11 pulgadas (3.ª generación) Wi-Fi + Cellular;Otros daños (SWAP);49;ipadpro3.png;AppleCare;
iPad;iPad Pro;iPad Pro de 11 pulgadas (3.ª generación) Wi-Fi + Cellular;Batería;0;ipadpro3.png;AppleCare;
iPad;iPad Pro;iPad Pro de 11 pulgadas (2.ª generación);SWAP;581;ipadpro2.png;Normal;
iPad;iPad Pro;iPad Pro de 11 pulgadas (2.ª generación);Batería;145;ipadpro2.png;Normal;
iPad;iPad Pro;iPad Pro de 11 pulgadas (2.ª generación);Otros daños (SWAP);49;ipadpro2.png;AppleCare;
iPad;iPad Pro;iPad Pro de 11 pulgadas (2.ª generación);Batería;0;ipadpro2.png;AppleCare;
iPad;iPad Pro;iPad Pro de 11 pulgadas;SWAP;581;ipadpro.png;Normal;
iPad;iPad Pro;iPad Pro de 11 pulgadas;Batería;145;ipadpro.png;Normal;
iPad;iPad Pro;iPad Pro de 11 pulgadas;Otros daños (SWAP);49;ipadpro.png;AppleCare;
iPad;iPad Pro;iPad Pro de 11 pulgadas;Batería;0;ipadpro.png;AppleCare;
iPad;iPad mini;iPad mini (A17 Pro) Wi-Fi;SWAP;431;ipadmini17.png;Normal;
iPad;iPad mini;iPad mini (A17 Pro) Wi-Fi;Batería;145;ipadmini17.png;Normal;
iPad;iPad mini;iPad mini (A17 Pro) Wi-Fi;Otros daños (SWAP);99;ipadmini17.png;AppleCare;
iPad;iPad mini;iPad mini (A17 Pro) Wi-Fi;Batería;0;ipadmini17.png;AppleCare;
iPad;iPad mini;iPad mini (A17 Pro) Wi-Fi;Pantalla;29;ipadmini17.png;AppleCare;
iPad;iPad mini;iPad mini (A17 Pro) Wi-Fi + Cellular;SWAP;477;ipadmini17.png;Normal;
iPad;iPad mini;iPad mini (A17 Pro) Wi-Fi + Cellular;Batería;145;ipadmini17.png;Normal;
iPad;iPad mini;iPad mini (A17 Pro) Wi-Fi + Cellular;Otros daños (SWAP);99;ipadmini17.png;AppleCare;
iPad;iPad mini;iPad mini (A17 Pro) Wi-Fi + Cellular;Batería;0;ipadmini17.png;AppleCare;
iPad;iPad mini;iPad mini (A17 Pro) Wi-Fi + Cellular;Pantalla;29;ipadmini17.png;AppleCare;
iPad;iPad mini;iPad mini (6.ª generación) Wi-Fi;SWAP;431;ipadmini6.png;Normal;
iPad;iPad mini;iPad mini (6.ª generación) Wi-Fi;Batería;145;ipadmini6.png;Normal;
iPad;iPad mini;iPad mini (6.ª generación) Wi-Fi;Otros daños (SWAP);99;ipadmini6.png;AppleCare;
iPad;iPad mini;iPad mini (6.ª generación) Wi-Fi;Batería;0;ipadmini6.png;AppleCare;
iPad;iPad mini;iPad mini (6.ª generación) Wi-Fi + Cellular;SWAP;477;ipadmini6.png;Normal;
iPad;iPad mini;iPad mini (6.ª generación) Wi-Fi + Cellular;Batería;145;ipadmini6.png;Normal;
iPad;iPad mini;iPad mini (6.ª generación) Wi-Fi + Cellular;Otros daños (SWAP);99;ipadmini6.png;AppleCare;
iPad;iPad mini;iPad mini (6.ª generación) Wi-Fi + Cellular;Batería;0;ipadmini6.png;AppleCare;
iPad;iPad mini;iPad mini (5.ª generación);SWAP;361;ipadmini5.png;Normal;
iPad;iPad mini;iPad mini (5.ª generación);Batería;145;ipadmini5.png;Normal;
iPad;iPad mini;iPad mini (5.ª generación);Otros daños (SWAP);99;ipadmini5.png;AppleCare;
iPad;iPad mini;iPad mini (5.ª generación);Batería;0;ipadmini5.png;AppleCare;
iPad;iPad Air;iPad Air de 13 pulgadas (M4) Wi-Fi;SWAP;691;ipadair134.png;Normal;
iPad;iPad Air;iPad Air de 13 pulgadas (M4) Wi-Fi;Batería;179;ipadair134.png;Normal;
iPad;iPad Air;iPad Air de 13 pulgadas (M4) Wi-Fi;Pantalla (Solo por mail-in);658;ipadair134.png;Normal;
iPad;iPad Air;iPad Air de 13 pulgadas (M4) Wi-Fi;Otros daños (SWAP);99;ipadair134.png;AppleCare;
iPad;iPad Air;iPad Air de 13 pulgadas (M4) Wi-Fi;Batería;0;ipadair134.png;AppleCare;
iPad;iPad Air;iPad Air de 13 pulgadas (M4) Wi-Fi;Pantalla;29;ipadair134.png;AppleCare;
iPad;iPad Air;iPad Air de 13 pulgadas (M4) Wi-Fi + Cellular;SWAP;751;ipadair134.png;Normal;
iPad;iPad Air;iPad Air de 13 pulgadas (M4) Wi-Fi + Cellular;Batería;179;ipadair134.png;Normal;
iPad;iPad Air;iPad Air de 13 pulgadas (M4) Wi-Fi + Cellular;Pantalla (Solo por mail-in);658;ipadair134.png;Normal;
iPad;iPad Air;iPad Air de 13 pulgadas (M4) Wi-Fi + Cellular;Otros daños (SWAP);99;ipadair134.png;AppleCare;
iPad;iPad Air;iPad Air de 13 pulgadas (M4) Wi-Fi + Cellular;Batería;0;ipadair134.png;AppleCare;
iPad;iPad Air;iPad Air de 13 pulgadas (M4) Wi-Fi + Cellular;Pantalla;29;ipadair134.png;AppleCare;
iPad;iPad Air;iPad Air de 11 pulgadas (M4) Wi-Fi;SWAP;527;ipadair114.png;Normal;
iPad;iPad Air;iPad Air de 11 pulgadas (M4) Wi-Fi;Batería;159;ipadair114.png;Normal;
iPad;iPad Air;iPad Air de 11 pulgadas (M4) Wi-Fi;Pantalla (Solo por mail-in);486;ipadair114.png;Normal;
iPad;iPad Air;iPad Air de 11 pulgadas (M4) Wi-Fi;Otros daños (SWAP);99;ipadair114.png;AppleCare;
iPad;iPad Air;iPad Air de 11 pulgadas (M4) Wi-Fi;Batería;0;ipadair114.png;AppleCare;
iPad;iPad Air;iPad Air de 11 pulgadas (M4) Wi-Fi;Pantalla;29;ipadair114.png;AppleCare;
iPad;iPad Air;iPad Air de 11 pulgadas (M4) Wi-Fi + Cellular;SWAP;581;ipadair114.png;Normal;
iPad;iPad Air;iPad Air de 11 pulgadas (M4) Wi-Fi + Cellular;Batería;159;ipadair114.png;Normal;
iPad;iPad Air;iPad Air de 11 pulgadas (M4) Wi-Fi + Cellular;Pantalla (Solo por mail-in);486;ipadair114.png;Normal;
iPad;iPad Air;iPad Air de 11 pulgadas (M4) Wi-Fi + Cellular;Otros daños (SWAP);99;ipadair114.png;AppleCare;
iPad;iPad Air;iPad Air de 11 pulgadas (M4) Wi-Fi + Cellular;Batería;0;ipadair114.png;AppleCare;
iPad;iPad Air;iPad Air de 11 pulgadas (M4) Wi-Fi + Cellular;Pantalla;29;ipadair114.png;AppleCare;
iPad;iPad Air;iPad Air de 13 pulgadas (M3) Wi-Fi;SWAP;691;ipadair133.png;Normal;
iPad;iPad Air;iPad Air de 13 pulgadas (M3) Wi-Fi;Batería;179;ipadair133.png;Normal;
iPad;iPad Air;iPad Air de 13 pulgadas (M3) Wi-Fi;Pantalla (Solo por mail-in);658;ipadair133.png;Normal;
iPad;iPad Air;iPad Air de 13 pulgadas (M3) Wi-Fi;Otros daños (SWAP);99;ipadair133.png;AppleCare;
iPad;iPad Air;iPad Air de 13 pulgadas (M3) Wi-Fi;Batería;0;ipadair133.png;AppleCare;
iPad;iPad Air;iPad Air de 13 pulgadas (M3) Wi-Fi;Pantalla;29;ipadair133.png;AppleCare;
iPad;iPad Air;iPad Air de 13 pulgadas (M3) Wi-Fi + Cellular;SWAP;751;ipadair133.png;Normal;
iPad;iPad Air;iPad Air de 13 pulgadas (M3) Wi-Fi + Cellular;Batería;179;ipadair133.png;Normal;
iPad;iPad Air;iPad Air de 13 pulgadas (M3) Wi-Fi + Cellular;Pantalla (Solo por mail-in);658;ipadair133.png;Normal;
iPad;iPad Air;iPad Air de 13 pulgadas (M3) Wi-Fi + Cellular;Otros daños (SWAP);99;ipadair133.png;AppleCare;
iPad;iPad Air;iPad Air de 13 pulgadas (M3) Wi-Fi + Cellular;Batería;0;ipadair133.png;AppleCare;
iPad;iPad Air;iPad Air de 13 pulgadas (M3) Wi-Fi + Cellular;Pantalla;29;ipadair133.png;AppleCare;
iPad;iPad Air;iPad Air de 11 pulgadas (M3) Wi-Fi;SWAP;527;ipadair113.png;Normal;
iPad;iPad Air;iPad Air de 11 pulgadas (M3) Wi-Fi;Batería;145;ipadair113.png;Normal;
iPad;iPad Air;iPad Air de 11 pulgadas (M3) Wi-Fi;Pantalla (Solo por mail-in);486;ipadair113.png;Normal;
iPad;iPad Air;iPad Air de 11 pulgadas (M3) Wi-Fi;Otros daños (SWAP);99;ipadair113.png;AppleCare;
iPad;iPad Air;iPad Air de 11 pulgadas (M3) Wi-Fi;Batería;0;ipadair113.png;AppleCare;
iPad;iPad Air;iPad Air de 11 pulgadas (M3) Wi-Fi;Pantalla;29;ipadair113.png;AppleCare;
iPad;iPad Air;iPad Air de 11 pulgadas (M3) Wi-Fi + Cellular;SWAP;581;ipadair113.png;Normal;
iPad;iPad Air;iPad Air de 11 pulgadas (M3) Wi-Fi + Cellular;Batería;145;ipadair113.png;Normal;
iPad;iPad Air;iPad Air de 11 pulgadas (M3) Wi-Fi + Cellular;Pantalla (Solo por mail-in);486;ipadair113.png;Normal;
iPad;iPad Air;iPad Air de 11 pulgadas (M3) Wi-Fi + Cellular;Otros daños (SWAP);99;ipadair113.png;AppleCare;
iPad;iPad Air;iPad Air de 11 pulgadas (M3) Wi-Fi + Cellular;Batería;0;ipadair113.png;AppleCare;
iPad;iPad Air;iPad Air de 11 pulgadas (M3) Wi-Fi + Cellular;Pantalla;29;ipadair113.png;AppleCare;
iPad;iPad Air;iPad Air de 13 pulgadas (M2) Wi-Fi;SWAP;691;ipadair132.png;Normal;
iPad;iPad Air;iPad Air de 13 pulgadas (M2) Wi-Fi;Batería;179;ipadair132.png;Normal;
iPad;iPad Air;iPad Air de 13 pulgadas (M2) Wi-Fi;Pantalla (Solo por mail-in);658;ipadair132.png;Normal;
iPad;iPad Air;iPad Air de 13 pulgadas (M2) Wi-Fi;Otros daños (SWAP);99;ipadair132.png;AppleCare;
iPad;iPad Air;iPad Air de 13 pulgadas (M2) Wi-Fi;Batería;0;ipadair132.png;AppleCare;
iPad;iPad Air;iPad Air de 13 pulgadas (M2) Wi-Fi;Pantalla;29;ipadair132.png;AppleCare;
iPad;iPad Air;iPad Air de 13 pulgadas (M2) Wi-Fi + Cellular;SWAP;751;ipadair132.png;Normal;
iPad;iPad Air;iPad Air de 13 pulgadas (M2) Wi-Fi + Cellular;Batería;179;ipadair132.png;Normal;
iPad;iPad Air;iPad Air de 13 pulgadas (M2) Wi-Fi + Cellular;Pantalla (Solo por mail-in);658;ipadair132.png;Normal;
iPad;iPad Air;iPad Air de 13 pulgadas (M2) Wi-Fi + Cellular;Otros daños (SWAP);99;ipadair132.png;AppleCare;
iPad;iPad Air;iPad Air de 13 pulgadas (M2) Wi-Fi + Cellular;Batería;0;ipadair132.png;AppleCare;
iPad;iPad Air;iPad Air de 13 pulgadas (M2) Wi-Fi + Cellular;Pantalla;29;ipadair132.png;AppleCare;
iPad;iPad Air;iPad Air de 11 pulgadas (M2) Wi-Fi;SWAP;527;ipadair112.png;Normal;
iPad;iPad Air;iPad Air de 11 pulgadas (M2) Wi-Fi;Batería;145;ipadair112.png;Normal;
iPad;iPad Air;iPad Air de 11 pulgadas (M2) Wi-Fi;Pantalla (Solo por mail-in);486;ipadair112.png;Normal;
iPad;iPad Air;iPad Air de 11 pulgadas (M2) Wi-Fi;Otros daños (SWAP);99;ipadair112.png;AppleCare;
iPad;iPad Air;iPad Air de 11 pulgadas (M2) Wi-Fi;Batería;0;ipadair112.png;AppleCare;
iPad;iPad Air;iPad Air de 11 pulgadas (M2) Wi-Fi;Pantalla;29;ipadair112.png;AppleCare;
iPad;iPad Air;iPad Air de 11 pulgadas (M2) Wi-Fi + Cellular;SWAP;581;ipadair112.png;Normal;
iPad;iPad Air;iPad Air de 11 pulgadas (M2) Wi-Fi + Cellular;Batería;145;ipadair112.png;Normal;
iPad;iPad Air;iPad Air de 11 pulgadas (M2) Wi-Fi + Cellular;Pantalla (Solo por mail-in);486;ipadair112.png;Normal;
iPad;iPad Air;iPad Air de 11 pulgadas (M2) Wi-Fi + Cellular;Otros daños (SWAP);99;ipadair112.png;AppleCare;
iPad;iPad Air;iPad Air de 11 pulgadas (M2) Wi-Fi + Cellular;Batería;0;ipadair112.png;AppleCare;
iPad;iPad Air;iPad Air de 11 pulgadas (M2) Wi-Fi + Cellular;Pantalla;29;ipadair112.png;AppleCare;
iPad;iPad Air;iPad Air (5.ª generación) Wi-Fi;SWAP;497;ipadair5.png;Normal;
iPad;iPad Air;iPad Air (5.ª generación) Wi-Fi;Batería;145;ipadair5.png;Normal;
iPad;iPad Air;iPad Air (5.ª generación) Wi-Fi;Otros daños (SWAP);49;ipadair5.png;AppleCare;
iPad;iPad Air;iPad Air (5.ª generación) Wi-Fi;Batería;0;ipadair5.png;AppleCare;
iPad;iPad Air;iPad Air (5.ª generación) Wi-Fi + Cellular;SWAP;551;ipadair5.png;Normal;
iPad;iPad Air;iPad Air (5.ª generación) Wi-Fi + Cellular;Batería;145;ipadair5.png;Normal;
iPad;iPad Air;iPad Air (5.ª generación) Wi-Fi + Cellular;Otros daños (SWAP);49;ipadair5.png;AppleCare;
iPad;iPad Air;iPad Air (5.ª generación) Wi-Fi + Cellular;Batería;0;ipadair5.png;AppleCare;
iPad;iPad Air;iPad Air (4.ª generación);SWAP;497;ipadair4.png;Normal;
iPad;iPad Air;iPad Air (4.ª generación);Batería;145;ipadair4.png;Normal;
iPad;iPad Air;iPad Air (4.ª generación);Otros daños (SWAP);49;ipadair4.png;AppleCare;
iPad;iPad Air;iPad Air (4.ª generación);Batería;0;ipadair4.png;AppleCare;
iPad;iPad Air;iPad Air (3.ª generación);SWAP;447;ipadair3.png;Normal;
iPad;iPad Air;iPad Air (3.ª generación);Batería;145;ipadair3.png;Normal;
iPad;iPad Air;iPad Air (3.ª generación);Otros daños (SWAP);49;ipadair3.png;AppleCare;
iPad;iPad Air;iPad Air (3.ª generación);Batería;0;ipadair3.png;AppleCare;
iPad;iPad;iPad (A16) Wi-Fi;SWAP;371;ipad16.png;Normal;
iPad;iPad;iPad (A16) Wi-Fi;Batería;145;ipad16.png;Normal;
iPad;iPad;iPad (A16) Wi-Fi;Pantalla (Solo por mail-in);301;ipad16.png;Normal;
iPad;iPad;iPad (A16) Wi-Fi;Otros daños (SWAP);99;ipad16.png;AppleCare;
iPad;iPad;iPad (A16) Wi-Fi;Batería;0;ipad16.png;AppleCare;
iPad;iPad;iPad (A16) Wi-Fi;Pantalla;29;ipad16.png;AppleCare;
iPad;iPad;iPad (A16) Wi-Fi + Cellular;SWAP;431;ipad16.png;Normal;
iPad;iPad;iPad (A16) Wi-Fi + Cellular;Batería;145;ipad16.png;Normal;
iPad;iPad;iPad (A16) Wi-Fi + Cellular;Pantalla (Solo por mail-in);301;ipad16.png;Normal;
iPad;iPad;iPad (A16) Wi-Fi + Cellular;Otros daños (SWAP);99;ipad16.png;AppleCare;
iPad;iPad;iPad (A16) Wi-Fi + Cellular;Batería;0;ipad16.png;AppleCare;
iPad;iPad;iPad (A16) Wi-Fi + Cellular;Pantalla;29;ipad16.png;AppleCare;
iPad;iPad;iPad (10.ª generación) Wi-Fi;SWAP;361;ipad10.png;Normal;
iPad;iPad;iPad (10.ª generación) Wi-Fi;Batería;145;ipad10.png;Normal;
iPad;iPad;iPad (10.ª generación) Wi-Fi;Otros daños (SWAP);49;ipad10.png;AppleCare;
iPad;iPad;iPad (10.ª generación) Wi-Fi;Batería;0;ipad10.png;AppleCare;
iPad;iPad;iPad (10.ª generación) Wi-Fi + Cellular;SWAP;431;ipad10.png;Normal;
iPad;iPad;iPad (10.ª generación) Wi-Fi + Cellular;Batería;145;ipad10.png;Normal;
iPad;iPad;iPad (10.ª generación) Wi-Fi + Cellular;Otros daños (SWAP);49;ipad10.png;AppleCare;
iPad;iPad;iPad (10.ª generación) Wi-Fi + Cellular;Batería;0;ipad10.png;AppleCare;
iPad;iPad;iPad (9.ª generación);SWAP;307;ipad9.png;Normal;
iPad;iPad;iPad (9.ª generación);Batería;119;ipad9.png;Normal;
iPad;iPad;iPad (9.ª generación);Otros daños (SWAP);49;ipad9.png;AppleCare;
iPad;iPad;iPad (9.ª generación);Batería;0;ipad9.png;AppleCare;
iPad;iPad;iPad (8.ª generación);SWAP;307;ipad8.png;Normal;
iPad;iPad;iPad (8.ª generación);Batería;119;ipad8.png;Normal;
iPad;iPad;iPad (8.ª generación);Otros daños (SWAP);49;ipad8.png;AppleCare;
iPad;iPad;iPad (8.ª generación);Batería;0;ipad8.png;AppleCare;
iPad;iPad;iPad (7.ª generación);SWAP;307;ipad7.png;Normal;
iPad;iPad;iPad (7.ª generación);Batería;119;ipad7.png;Normal;
iPad;iPad;iPad (7.ª generación);Otros daños (SWAP);49;ipad7.png;AppleCare;
iPad;iPad;iPad (7.ª generación);Batería;0;ipad7.png;AppleCare;
iPad;iPad;iPad (6.ª generación);SWAP;307;ipad6.png;Normal;
iPad;iPad;iPad (6.ª generación);Batería;119;ipad6.png;Normal;
iPad;iPad;iPad (6.ª generación);Otros daños (SWAP);49;ipad6.png;AppleCare;
iPad;iPad;iPad (6.ª generación);Batería;0;ipad6.png;AppleCare;
iPad;iPad;iPad (5.ª generación);SWAP;307;ipad5.png;Normal;
iPad;iPad;iPad (5.ª generación);Batería;119;ipad5.png;Normal;
iPad;iPad;iPad (5.ª generación);Otros daños (SWAP);49;ipad5.png;AppleCare;
iPad;iPad;iPad (5.ª generación);Batería;0;ipad5.png;AppleCare;
iPad;Accesorios del iPad;Apple Pencil Pro;Otros daños (SWAP);135;pencilpro.png;Normal;
iPad;Accesorios del iPad;Apple Pencil Pro;Batería;39;pencilpro.png;Normal;
iPad;Accesorios del iPad;Apple Pencil Pro;Otros daños (SWAP);29;pencilpro.png;AppleCare;
iPad;Accesorios del iPad;Apple Pencil Pro;Batería;0;pencilpro.png;AppleCare;
iPad;Accesorios del iPad;Apple Pencil (USB-C);Otros daños (SWAP);89;pencilc.png;Normal;
iPad;Accesorios del iPad;Apple Pencil (USB-C);Batería;39;pencilc.png;Normal;
iPad;Accesorios del iPad;Apple Pencil (USB-C);Otros daños (SWAP);29;pencilc.png;AppleCare;
iPad;Accesorios del iPad;Apple Pencil (USB-C);Batería;0;pencilc.png;AppleCare;
iPad;Accesorios del iPad;Apple Pencil (2.ª generación);Otros daños (SWAP);135;pencil2.png;Normal;
iPad;Accesorios del iPad;Apple Pencil (2.ª generación);Batería;39;pencil2.png;Normal;
iPad;Accesorios del iPad;Apple Pencil (2.ª generación);Otros daños (SWAP);29;pencil2.png;AppleCare;
iPad;Accesorios del iPad;Apple Pencil (2.ª generación);Batería;0;pencil2.png;AppleCare;
iPad;Accesorios del iPad;Apple Pencil;Otros daños (SWAP);99;pencil.png;Normal;
iPad;Accesorios del iPad;Apple Pencil;Batería;39;pencil.png;Normal;
iPad;Accesorios del iPad;Apple Pencil;Otros daños (SWAP);29;pencil.png;AppleCare;
iPad;Accesorios del iPad;Apple Pencil;Batería;0;pencil.png;AppleCare;
Apple Watch;Apple Watch Ultra;Apple Watch Hermès Ultra 3;SWAP;641;ultrah3.png;Normal;
Apple Watch;Apple Watch Ultra;Apple Watch Hermès Ultra 3;Batería;119;ultrah3.png;Normal;
Apple Watch;Apple Watch Ultra;Apple Watch Hermès Ultra 3;SWAP;75;ultrah3.png;AppleCare;
Apple Watch;Apple Watch Ultra;Apple Watch Hermès Ultra 3;Batería;0;ultrah3.png;AppleCare;
Apple Watch;Apple Watch Ultra;Apple Watch Ultra 3;SWAP;641;ultra3.png;Normal;
Apple Watch;Apple Watch Ultra;Apple Watch Ultra 3;Batería;119;ultra3.png;Normal;
Apple Watch;Apple Watch Ultra;Apple Watch Ultra 3;SWAP;75;ultra3.png;AppleCare;
Apple Watch;Apple Watch Ultra;Apple Watch Ultra 3;Batería;0;ultra3.png;AppleCare;
Apple Watch;Apple Watch Ultra;Apple Watch Hermès Ultra 2;SWAP;641;ultrah2.png;Normal;
Apple Watch;Apple Watch Ultra;Apple Watch Hermès Ultra 2;Batería;119;ultrah2.png;Normal;
Apple Watch;Apple Watch Ultra;Apple Watch Hermès Ultra 2;SWAP;75;ultrah2.png;AppleCare;
Apple Watch;Apple Watch Ultra;Apple Watch Hermès Ultra 2;Batería;0;ultrah2.png;AppleCare;
Apple Watch;Apple Watch Ultra;Apple Watch Ultra 2;SWAP;641;ultra2.png;Normal;
Apple Watch;Apple Watch Ultra;Apple Watch Ultra 2;Batería;119;ultra2.png;Normal;
Apple Watch;Apple Watch Ultra;Apple Watch Ultra 2;SWAP;75;ultra2.png;AppleCare;
Apple Watch;Apple Watch Ultra;Apple Watch Ultra 2;Batería;0;ultra2.png;AppleCare;
Apple Watch;Apple Watch Ultra;Apple Watch Ultra;SWAP;641;ultra.png;Normal;
Apple Watch;Apple Watch Ultra;Apple Watch Ultra;Batería;119;ultra.png;Normal;
Apple Watch;Apple Watch Ultra;Apple Watch Ultra;SWAP;75;ultra.png;AppleCare;
Apple Watch;Apple Watch Ultra;Apple Watch Ultra;Batería;0;ultra.png;AppleCare;
Apple Watch;Apple Watch Series 11;Apple Watch Hermes Series 11 GPS + Cellular;SWAP;501;hermes11.png;Normal;
Apple Watch;Apple Watch Series 11;Apple Watch Hermes Series 11 GPS + Cellular;Batería;119;hermes11.png;Normal;
Apple Watch;Apple Watch Series 11;Apple Watch Hermes Series 11 GPS + Cellular;SWAP;75;hermes11.png;AppleCare;
Apple Watch;Apple Watch Series 11;Apple Watch Hermes Series 11 GPS + Cellular;Batería;0;hermes11.png;AppleCare;
Apple Watch;Apple Watch Series 11;Apple Watch Series 11 GPS + Cellular titanio;SWAP;501;titanio11.png;Normal;
Apple Watch;Apple Watch Series 11;Apple Watch Series 11 GPS + Cellular titanio;Batería;119;titanio11.png;Normal;
Apple Watch;Apple Watch Series 11;Apple Watch Series 11 GPS + Cellular titanio;SWAP;65;titanio11.png;AppleCare;
Apple Watch;Apple Watch Series 11;Apple Watch Series 11 GPS + Cellular titanio;Batería;0;titanio11.png;AppleCare;
Apple Watch;Apple Watch Series 11;Apple Watch Series 11 GPS + Cellular aluminio;SWAP;451;aluminio11.png;Normal;
Apple Watch;Apple Watch Series 11;Apple Watch Series 11 GPS + Cellular aluminio;Batería;119;aluminio11.png;Normal;
Apple Watch;Apple Watch Series 11;Apple Watch Series 11 GPS + Cellular aluminio;SWAP;65;aluminio11.png;AppleCare;
Apple Watch;Apple Watch Series 11;Apple Watch Series 11 GPS + Cellular aluminio;Batería;0;aluminio11.png;AppleCare;
Apple Watch;Apple Watch Series 11;Apple Watch Series 11 GPS aluminio;SWAP;381;aluminio11.png;Normal;
Apple Watch;Apple Watch Series 11;Apple Watch Series 11 GPS aluminio;Batería;119;aluminio11.png;Normal;
Apple Watch;Apple Watch Series 11;Apple Watch Series 11 GPS aluminio;SWAP;65;aluminio11.png;AppleCare;
Apple Watch;Apple Watch Series 11;Apple Watch Series 11 GPS aluminio;Batería;0;aluminio11.png;AppleCare;
Apple Watch;Apple Watch Series 10;Apple Watch Hermès Series 10 GPS + Cellular;SWAP;501;hermes10.png;Normal;
Apple Watch;Apple Watch Series 10;Apple Watch Hermès Series 10 GPS + Cellular;Batería;119;hermes10.png;Normal;
Apple Watch;Apple Watch Series 10;Apple Watch Hermès Series 10 GPS + Cellular;SWAP;75;hermes10.png;AppleCare;
Apple Watch;Apple Watch Series 10;Apple Watch Hermès Series 10 GPS + Cellular;Batería;0;hermes10.png;AppleCare;
Apple Watch;Apple Watch Series 10;Apple Watch Series 10 GPS + Cellular titanio;SWAP;501;titanio10.png;Normal;
Apple Watch;Apple Watch Series 10;Apple Watch Series 10 GPS + Cellular titanio;Batería;119;titanio10.png;Normal;
Apple Watch;Apple Watch Series 10;Apple Watch Series 10 GPS + Cellular titanio;SWAP;65;titanio10.png;AppleCare;
Apple Watch;Apple Watch Series 10;Apple Watch Series 10 GPS + Cellular titanio;Batería;0;titanio10.png;AppleCare;
Apple Watch;Apple Watch Series 10;Apple Watch Series 10 GPS + Cellular aluminio;SWAP;451;aluminio10.png;Normal;
Apple Watch;Apple Watch Series 10;Apple Watch Series 10 GPS + Cellular aluminio;Batería;119;aluminio10.png;Normal;
Apple Watch;Apple Watch Series 10;Apple Watch Series 10 GPS + Cellular aluminio;SWAP;65;aluminio10.png;AppleCare;
Apple Watch;Apple Watch Series 10;Apple Watch Series 10 GPS + Cellular aluminio;Batería;0;aluminio10.png;AppleCare;
Apple Watch;Apple Watch Series 10;Apple Watch Series 10 GPS aluminio;SWAP;381;aluminio10.png;Normal;
Apple Watch;Apple Watch Series 10;Apple Watch Series 10 GPS aluminio;Batería;119;aluminio10.png;Normal;
Apple Watch;Apple Watch Series 10;Apple Watch Series 10 GPS aluminio;SWAP;65;aluminio10.png;AppleCare;
Apple Watch;Apple Watch Series 10;Apple Watch Series 10 GPS aluminio;Batería;0;aluminio10.png;AppleCare;
Apple Watch;Apple Watch Series 9;Apple Watch Hermes Series 9 GPS + Cellular;SWAP;501;hermes9.png;Normal;
Apple Watch;Apple Watch Series 9;Apple Watch Hermes Series 9 GPS + Cellular;Batería;119;hermes9.png;Normal;
Apple Watch;Apple Watch Series 9;Apple Watch Hermes Series 9 GPS + Cellular;SWAP;75;hermes9.png;AppleCare;
Apple Watch;Apple Watch Series 9;Apple Watch Hermes Series 9 GPS + Cellular;Batería;0;hermes9.png;AppleCare;
Apple Watch;Apple Watch Series 9;Apple Watch Series 9 GPS + Cellular acero inoxidable;SWAP;501;acero9.png;Normal;
Apple Watch;Apple Watch Series 9;Apple Watch Series 9 GPS + Cellular acero inoxidable;Batería;119;acero9.png;Normal;
Apple Watch;Apple Watch Series 9;Apple Watch Series 9 GPS + Cellular acero inoxidable;SWAP;65;acero9.png;AppleCare;
Apple Watch;Apple Watch Series 9;Apple Watch Series 9 GPS + Cellular acero inoxidable;Batería;0;acero9.png;AppleCare;
Apple Watch;Apple Watch Series 9;Apple Watch Series 9 GPS + Cellular aluminio;SWAP;451;aluminio9.png;Normal;
Apple Watch;Apple Watch Series 9;Apple Watch Series 9 GPS + Cellular aluminio;Batería;119;aluminio9.png;Normal;
Apple Watch;Apple Watch Series 9;Apple Watch Series 9 GPS + Cellular aluminio;SWAP;65;aluminio9.png;AppleCare;
Apple Watch;Apple Watch Series 9;Apple Watch Series 9 GPS + Cellular aluminio;Batería;0;aluminio9.png;AppleCare;
Apple Watch;Apple Watch Series 9;Apple Watch Series 9 GPS aluminio;SWAP;381;w9.png;Normal;
Apple Watch;Apple Watch Series 9;Apple Watch Series 9 GPS aluminio;Batería;119;w9.png;Normal;
Apple Watch;Apple Watch Series 9;Apple Watch Series 9 GPS aluminio;SWAP;65;w9.png;AppleCare;
Apple Watch;Apple Watch Series 9;Apple Watch Series 9 GPS aluminio;Batería;0;w9.png;AppleCare;
Apple Watch;Apple Watch Series 8;Apple Watch Hermès Series 8 (GPS + Cellular);SWAP;501;hermes8.png;Normal;
Apple Watch;Apple Watch Series 8;Apple Watch Hermès Series 8 (GPS + Cellular);Batería;119;hermes8.png;Normal;
Apple Watch;Apple Watch Series 8;Apple Watch Hermès Series 8 (GPS + Cellular);SWAP;75;hermes8.png;AppleCare;
Apple Watch;Apple Watch Series 8;Apple Watch Hermès Series 8 (GPS + Cellular);Batería;0;hermes8.png;AppleCare;
Apple Watch;Apple Watch Series 8;Apple Watch Series 8 (GPS + Cellular) (acero inoxidable);SWAP;501;acero8.png;Normal;
Apple Watch;Apple Watch Series 8;Apple Watch Series 8 (GPS + Cellular) (acero inoxidable);Batería;119;acero8.png;Normal;
Apple Watch;Apple Watch Series 8;Apple Watch Series 8 (GPS + Cellular) (acero inoxidable);SWAP;65;acero8.png;AppleCare;
Apple Watch;Apple Watch Series 8;Apple Watch Series 8 (GPS + Cellular) (acero inoxidable);Batería;0;acero8.png;AppleCare;
Apple Watch;Apple Watch Series 8;Apple Watch Series 8 (GPS + Cellular) (aluminio);SWAP;451;aluminio8.png;Normal;
Apple Watch;Apple Watch Series 8;Apple Watch Series 8 (GPS + Cellular) (aluminio);Batería;119;aluminio8.png;Normal;
Apple Watch;Apple Watch Series 8;Apple Watch Series 8 (GPS + Cellular) (aluminio);SWAP;65;aluminio8.png;AppleCare;
Apple Watch;Apple Watch Series 8;Apple Watch Series 8 (GPS + Cellular) (aluminio);Batería;0;aluminio8.png;AppleCare;
Apple Watch;Apple Watch Series 8;Apple Watch Series 8 (GPS) (aluminio);SWAP;381;w8.png;Normal;
Apple Watch;Apple Watch Series 8;Apple Watch Series 8 (GPS) (aluminio);Batería;119;w8.png;Normal;
Apple Watch;Apple Watch Series 8;Apple Watch Series 8 (GPS) (aluminio);SWAP;65;w8.png;AppleCare;
Apple Watch;Apple Watch Series 8;Apple Watch Series 8 (GPS) (aluminio);Batería;0;w8.png;AppleCare;
Apple Watch;Apple Watch Series 7;Apple Watch Edition Series 7 (GPS + Cellular) (titanio);SWAP;631;titanio7.png;Normal;
Apple Watch;Apple Watch Series 7;Apple Watch Edition Series 7 (GPS + Cellular) (titanio);Batería;119;titanio7.png;Normal;
Apple Watch;Apple Watch Series 7;Apple Watch Edition Series 7 (GPS + Cellular) (titanio);SWAP;75;titanio7.png;AppleCare;
Apple Watch;Apple Watch Series 7;Apple Watch Edition Series 7 (GPS + Cellular) (titanio);Batería;0;titanio7.png;AppleCare;
Apple Watch;Apple Watch Series 7;Apple Watch Hermès Series 7 (GPS + Cellular);SWAP;501;hermes7.png;Normal;
Apple Watch;Apple Watch Series 7;Apple Watch Hermès Series 7 (GPS + Cellular);Batería;119;hermes7.png;Normal;
Apple Watch;Apple Watch Series 7;Apple Watch Hermès Series 7 (GPS + Cellular);SWAP;75;hermes7.png;AppleCare;
Apple Watch;Apple Watch Series 7;Apple Watch Hermès Series 7 (GPS + Cellular);Batería;0;hermes7.png;AppleCare;
Apple Watch;Apple Watch Series 7;Apple Watch Series 7 (GPS + Cellular) (acero inoxidable);SWAP;501;acero7.png;Normal;
Apple Watch;Apple Watch Series 7;Apple Watch Series 7 (GPS + Cellular) (acero inoxidable);Batería;119;acero7.png;Normal;
Apple Watch;Apple Watch Series 7;Apple Watch Series 7 (GPS + Cellular) (acero inoxidable);SWAP;65;acero7.png;AppleCare;
Apple Watch;Apple Watch Series 7;Apple Watch Series 7 (GPS + Cellular) (acero inoxidable);Batería;0;acero7.png;AppleCare;
Apple Watch;Apple Watch Series 7;Apple Watch Nike Series 7 (GPS + Cellular);SWAP;451;nike7.png;Normal;
Apple Watch;Apple Watch Series 7;Apple Watch Nike Series 7 (GPS + Cellular);Batería;119;nike7.png;Normal;
Apple Watch;Apple Watch Series 7;Apple Watch Nike Series 7 (GPS + Cellular);SWAP;65;nike7.png;AppleCare;
Apple Watch;Apple Watch Series 7;Apple Watch Nike Series 7 (GPS + Cellular);Batería;0;nike7.png;AppleCare;
Apple Watch;Apple Watch Series 7;Apple Watch Nike Series 7 (GPS);SWAP;381;nike7.png;Normal;
Apple Watch;Apple Watch Series 7;Apple Watch Nike Series 7 (GPS);Batería;119;nike7.png;Normal;
Apple Watch;Apple Watch Series 7;Apple Watch Nike Series 7 (GPS);SWAP;65;nike7.png;AppleCare;
Apple Watch;Apple Watch Series 7;Apple Watch Nike Series 7 (GPS);Batería;0;nike7.png;AppleCare;
Apple Watch;Apple Watch Series 7;Apple Watch Series 7 (GPS + Cellular) (aluminio);SWAP;451;aluminio7.png;Normal;
Apple Watch;Apple Watch Series 7;Apple Watch Series 7 (GPS + Cellular) (aluminio);Batería;119;aluminio7.png;Normal;
Apple Watch;Apple Watch Series 7;Apple Watch Series 7 (GPS + Cellular) (aluminio);SWAP;65;aluminio7.png;AppleCare;
Apple Watch;Apple Watch Series 7;Apple Watch Series 7 (GPS + Cellular) (aluminio);Batería;0;aluminio7.png;AppleCare;
Apple Watch;Apple Watch Series 7;Apple Watch Series 7 (GPS) (aluminio);SWAP;381;w7.png;Normal;
Apple Watch;Apple Watch Series 7;Apple Watch Series 7 (GPS) (aluminio);Batería;119;w7.png;Normal;
Apple Watch;Apple Watch Series 7;Apple Watch Series 7 (GPS) (aluminio);SWAP;65;w7.png;AppleCare;
Apple Watch;Apple Watch Series 7;Apple Watch Series 7 (GPS) (aluminio);Batería;0;w7.png;AppleCare;
Apple Watch;Apple Watch Series 6;Apple Watch Edition Series 6 (GPS + Cellular) (titanio);SWAP;631;titanio6.png;Normal;
Apple Watch;Apple Watch Series 6;Apple Watch Edition Series 6 (GPS + Cellular) (titanio);Batería;119;titanio6.png;Normal;
Apple Watch;Apple Watch Series 6;Apple Watch Edition Series 6 (GPS + Cellular) (titanio);SWAP;75;titanio6.png;AppleCare;
Apple Watch;Apple Watch Series 6;Apple Watch Edition Series 6 (GPS + Cellular) (titanio);Batería;0;titanio6.png;AppleCare;
Apple Watch;Apple Watch Series 6;Apple Watch Hermès Series 6 (GPS + Cellular);SWAP;501;hermes6.png;Normal;
Apple Watch;Apple Watch Series 6;Apple Watch Hermès Series 6 (GPS + Cellular);Batería;119;hermes6.png;Normal;
Apple Watch;Apple Watch Series 6;Apple Watch Hermès Series 6 (GPS + Cellular);SWAP;75;hermes6.png;AppleCare;
Apple Watch;Apple Watch Series 6;Apple Watch Hermès Series 6 (GPS + Cellular);Batería;0;hermes6.png;AppleCare;
Apple Watch;Apple Watch Series 6;Apple Watch Series 6 (GPS + Cellular) (acero inoxidable);SWAP;501;acero6.png;Normal;
Apple Watch;Apple Watch Series 6;Apple Watch Series 6 (GPS + Cellular) (acero inoxidable);Batería;119;acero6.png;Normal;
Apple Watch;Apple Watch Series 6;Apple Watch Series 6 (GPS + Cellular) (acero inoxidable);SWAP;65;acero6.png;AppleCare;
Apple Watch;Apple Watch Series 6;Apple Watch Series 6 (GPS + Cellular) (acero inoxidable);Batería;0;acero6.png;AppleCare;
Apple Watch;Apple Watch Series 6;Apple Watch Nike Series 6 (GPS + Cellular);SWAP;451;nike6.png;Normal;
Apple Watch;Apple Watch Series 6;Apple Watch Nike Series 6 (GPS + Cellular);Batería;119;nike6.png;Normal;
Apple Watch;Apple Watch Series 6;Apple Watch Nike Series 6 (GPS + Cellular);SWAP;65;nike6.png;AppleCare;
Apple Watch;Apple Watch Series 6;Apple Watch Nike Series 6 (GPS + Cellular);Batería;0;nike6.png;AppleCare;
Apple Watch;Apple Watch Series 6;Apple Watch Nike Series 6 (GPS);SWAP;381;nike6.png;Normal;
Apple Watch;Apple Watch Series 6;Apple Watch Nike Series 6 (GPS);Batería;119;nike6.png;Normal;
Apple Watch;Apple Watch Series 6;Apple Watch Nike Series 6 (GPS);SWAP;65;nike6.png;AppleCare;
Apple Watch;Apple Watch Series 6;Apple Watch Nike Series 6 (GPS);Batería;0;nike6.png;AppleCare;
Apple Watch;Apple Watch Series 6;Apple Watch Series 6 (GPS + Cellular) (aluminio);SWAP;451;aluminio6.png;Normal;
Apple Watch;Apple Watch Series 6;Apple Watch Series 6 (GPS + Cellular) (aluminio);Batería;119;aluminio6.png;Normal;
Apple Watch;Apple Watch Series 6;Apple Watch Series 6 (GPS + Cellular) (aluminio);SWAP;65;aluminio6.png;AppleCare;
Apple Watch;Apple Watch Series 6;Apple Watch Series 6 (GPS + Cellular) (aluminio);Batería;0;aluminio6.png;AppleCare;
Apple Watch;Apple Watch Series 6;Apple Watch Series 6 (GPS) (aluminio);SWAP;381;aluminio6.png;Normal;
Apple Watch;Apple Watch Series 6;Apple Watch Series 6 (GPS) (aluminio);Batería;119;aluminio6.png;Normal;
Apple Watch;Apple Watch Series 6;Apple Watch Series 6 (GPS) (aluminio);SWAP;65;aluminio6.png;AppleCare;
Apple Watch;Apple Watch Series 6;Apple Watch Series 6 (GPS) (aluminio);Batería;0;aluminio6.png;AppleCare;
Apple Watch;Apple Watch SE;Apple Watch SE 3 GPS + Cellular;SWAP;291;wse3.png;Normal;
Apple Watch;Apple Watch SE;Apple Watch SE 3 GPS + Cellular;Batería;119;wse3.png;Normal;
Apple Watch;Apple Watch SE;Apple Watch SE 3 GPS + Cellular;SWAP;65;wse3.png;AppleCare;
Apple Watch;Apple Watch SE;Apple Watch SE 3 GPS + Cellular;Batería;0;wse3.png;AppleCare;
Apple Watch;Apple Watch SE;Apple Watch SE 3 GPS 40mm;SWAP;251;wse3.png;Normal;
Apple Watch;Apple Watch SE;Apple Watch SE 3 GPS 40mm;Batería;119;wse3.png;Normal;
Apple Watch;Apple Watch SE;Apple Watch SE 3 GPS 40mm;SWAP;65;wse3.png;AppleCare;
Apple Watch;Apple Watch SE;Apple Watch SE 3 GPS 40mm;Batería;0;wse3.png;AppleCare;
Apple Watch;Apple Watch SE;Apple Watch SE (2.ª generación) GPS + Cellular;SWAP;291;wse2c.png;Normal;
Apple Watch;Apple Watch SE;Apple Watch SE (2.ª generación) GPS + Cellular;Batería;119;wse2c.png;Normal;
Apple Watch;Apple Watch SE;Apple Watch SE (2.ª generación) GPS + Cellular;SWAP;65;wse2c.png;AppleCare;
Apple Watch;Apple Watch SE;Apple Watch SE (2.ª generación) GPS + Cellular;Batería;0;wse2c.png;AppleCare;
Apple Watch;Apple Watch SE;Apple Watch SE (2.ª generación) GPS;SWAP;251;wse2.png;Normal;
Apple Watch;Apple Watch SE;Apple Watch SE (2.ª generación) GPS;Batería;119;wse2.png;Normal;
Apple Watch;Apple Watch SE;Apple Watch SE (2.ª generación) GPS;SWAP;65;wse2.png;AppleCare;
Apple Watch;Apple Watch SE;Apple Watch SE (2.ª generación) GPS;Batería;0;wse2.png;AppleCare;
Apple Watch;Apple Watch SE;Apple Watch Nike SE (GPS + Cellular);SWAP;331;nikese.png;Normal;
Apple Watch;Apple Watch SE;Apple Watch Nike SE (GPS + Cellular);Batería;119;nikese.png;Normal;
Apple Watch;Apple Watch SE;Apple Watch Nike SE (GPS + Cellular);SWAP;65;nikese.png;AppleCare;
Apple Watch;Apple Watch SE;Apple Watch Nike SE (GPS + Cellular);Batería;0;nikese.png;AppleCare;
Apple Watch;Apple Watch SE;Apple Watch Nike SE (GPS);SWAP;287;nikese.png;Normal;
Apple Watch;Apple Watch SE;Apple Watch Nike SE (GPS);Batería;119;nikese.png;Normal;
Apple Watch;Apple Watch SE;Apple Watch Nike SE (GPS);SWAP;65;nikese.png;AppleCare;
Apple Watch;Apple Watch SE;Apple Watch Nike SE (GPS);Batería;0;nikese.png;AppleCare;
Apple Watch;Apple Watch SE;Apple Watch SE (GPS + Cellular) (aluminio);SWAP;331;wse.png;Normal;
Apple Watch;Apple Watch SE;Apple Watch SE (GPS + Cellular) (aluminio);Batería;119;wse.png;Normal;
Apple Watch;Apple Watch SE;Apple Watch SE (GPS + Cellular) (aluminio);SWAP;65;wse.png;AppleCare;
Apple Watch;Apple Watch SE;Apple Watch SE (GPS + Cellular) (aluminio);Batería;0;wse.png;AppleCare;
Apple Watch;Apple Watch SE;Apple Watch SE (GPS) (aluminio);SWAP;287;wse.png;Normal;
Apple Watch;Apple Watch SE;Apple Watch SE (GPS) (aluminio);Batería;119;wse.png;Normal;
Apple Watch;Apple Watch SE;Apple Watch SE (GPS) (aluminio);SWAP;65;wse.png;AppleCare;
Apple Watch;Apple Watch SE;Apple Watch SE (GPS) (aluminio);Batería;0;wse.png;AppleCare;
Portátiles Mac;MacBook Neo;MacBook Neo (13 pulgadas, A18 Pro);Pantalla;345;mneo.png;Normal;60
Portátiles Mac;MacBook Neo;MacBook Neo (13 pulgadas, A18 Pro);Placa Lógica;345;mneo.png;Normal;60
Portátiles Mac;MacBook Neo;MacBook Neo (13 pulgadas, A18 Pro);Touch ID;130;mneo.png;Normal;60
Portátiles Mac;MacBook Neo;MacBook Neo (13 pulgadas, A18 Pro);Placa Lógica + Touch ID;475;mneo.png;Normal;60
Portátiles Mac;MacBook Neo;MacBook Neo (13 pulgadas, A18 Pro);Top Case (sin teclas);220;mneo.png;Normal;90
Portátiles Mac;MacBook Neo;MacBook Neo (13 pulgadas, A18 Pro);Teclado (sin/con Touch ID);255;mneo.png;Normal;90
Portátiles Mac;MacBook Neo;MacBook Neo (13 pulgadas, A18 Pro);Batería;180;mneo.png;Normal;60
Portátiles Mac;MacBook Neo;MacBook Neo (13 pulgadas, A18 Pro);Trackpad;120;mneo.png;Normal;60
Portátiles Mac;MacBook Neo;MacBook Neo (13 pulgadas, A18 Pro);Altavoces (ambos);70;mneo.png;Normal;60
Portátiles Mac;MacBook Neo;MacBook Neo (13 pulgadas, A18 Pro);Antena;35;mneo.png;Normal;60
Portátiles Mac;MacBook Neo;MacBook Neo (13 pulgadas, A18 Pro);Placa de audio;30;mneo.png;Normal;60
Portátiles Mac;MacBook Neo;MacBook Neo (13 pulgadas, A18 Pro);Flex audio;25;mneo.png;Normal;60
Portátiles Mac;MacBook Neo;MacBook Neo (13 pulgadas, A18 Pro);i/o Board (Puerto USB-C);35;mneo.png;Normal;60
Portátiles Mac;MacBook Neo;MacBook Neo (13 pulgadas, A18 Pro);Audio Jack;30;mneo.png;Normal;60
Portátiles Mac;MacBook Neo;MacBook Neo (13 pulgadas, A18 Pro);Bottom Case (tapa inferior);70;mneo.png;Normal;60
Portátiles Mac;MacBook Neo;MacBook Neo (13 pulgadas, A18 Pro);Cubiertas (cowling);8;mneo.png;Normal;60
Portátiles Mac;MacBook Neo;MacBook Neo (13 pulgadas, A18 Pro);Daños en la pantalla;59;mneo.png;AppleCare;
Portátiles Mac;MacBook Neo;MacBook Neo (13 pulgadas, A18 Pro);Otros daños accidentales;179;mneo.png;AppleCare;
Portátiles Mac;MacBook Neo;MacBook Neo (13 pulgadas, A18 Pro);Daños en la carcasa externa;59;mneo.png;AppleCare;
Portátiles Mac;MacBook Neo;MacBook Neo (13 pulgadas, A18 Pro);Reparación de la batería;0;mneo.png;AppleCare;
